;Unnamed: 0;tconst;primaryTitle;originalTitle;startYear;endYear;runtimeMinutes;numVotes;label;genre
0;29;tt0015224;Peter Pan;;1924;0;105;1042.0;TRUE;Adventure, Family, Fantasy
1;35;tt0015864;The Gold Rush;;1925;0;95;107475.0;TRUE;Adventure, Comedy, Drama
2;37;tt0016029;The Little Colonel;;1935;0;81;1646.0;TRUE;Comedy, Family, Musical
3;82;tt0021309;The Story of the Fox;Le roman de Renard;1937;0;63;;TRUE;Animation, Adventure, Comedy
4;93;tt0022395;The Skin Game;;1931;0;85;;FALSE;Drama
5;96;tt0022485;Tokyo Chorus;;\N;1931;90;1364.0;TRUE;Comedy, Drama
6;97;tt0022550;Waterloo Bridge;Waterloo Bridge;1931;0;81;2828.0;TRUE;Drama, Romance
7;101;tt0022802;The Dark Horse;;1932;0;75;1232.0;TRUE;Comedy
8;102;tt0022913;Freaks;;1932;0;64;44794.0;TRUE;Drama, Horror
9;108;tt0023634;I Wás Bớrn, Bút...;;1932;0;100;5332.0;TRUE;Comedy, Drama
10;110;tt0023686;Whát Pricé Hớllywớớd?;;1932;0;88;2294.0;TRUE;Drama
11;124;tt0024188;Islánd ớf Lớst Sớúls;;1932;0;70;9091.0;TRUE;Horror, Sci-Fi
12;127;tt0024264;Little Women;Little Women;1933;0;115;;TRUE;Drama, Family, Romance
13;130;tt0024617;The Story of Temple Drake;The Story of Temple Drake;\N;1933;70;1448.0;TRUE;Drama
14;131;tt0024844;L'Atalante;;1934;0;89;15408.0;TRUE;Comedy, Drama, Romance
15;132;tt0024852;March of the Wooden Soldiers;;1934;0;77;6625.0;TRUE;Comedy, Family, Fantasy
16;134;tt0024966;Chápáyév;Chapaev;1934;0;93;1249.0;TRUE;Biography, Drama, History
17;149;tt0026104;Becky Sharp;;1935;0;84;1074.0;FALSE;Drama, Romance, War
18;185;tt0028683;Camille;;1936;0;109;7823.0;TRUE;Drama, Romance
19;200;tt0029442;The Prisoner of Zenda;The Prisoner of Zenda;1937;0;101;;TRUE;Adventure, Drama, Romance
20;206;tt0029942;Boys Town;Boys Town;1938;0;96;5544.0;TRUE;Biography, Drama, Family
21;237;tt0031580;The Little Princess;The Little Princess;1939;0;93;5980.0;TRUE;Comedy, Drama, Family
22;240;tt0031750;The Old Maid;;1939;0;95;3676.0;TRUE;Drama
23;247;tt0031971;Stagecoach;;1939;0;96;46868.0;TRUE;Adventure, Drama, Western
24;251;tt0032152;You Can't Cheat an Honest Man;;1939;0;79;;TRUE;Comedy, Family
25;252;tt0032155;Yớúng Mr. Lincớln;;1939;0;100;7926.0;TRUE;Biography, Drama, History
26;258;tt0032325;Charlie Chan in Panama;Charlie Chan in Panama;\N;1940;67;1365.0;TRUE;Adventure, Mystery
27;259;tt0032338;Christmas in July;;1940;0;67;3706.0;TRUE;Comedy, Romance
28;281;tt0033253;The Westerner;The Westerner;\N;1940;100;5663.0;TRUE;Western
29;282;tt0033317;Adventures of Captain Marvel;Adventures of Captain Marvel;1941;0;216;1268.0;TRUE;Action, Adventure, Family
30;283;tt0033373;Báll ớf Firé;Ball of Fire;1941;0;111;12007.0;TRUE;Comedy, Romance
31;291;tt0033723;Hold That Ghost;;1941;0;86;3699.0;TRUE;Comedy, Horror
32;311;tt0034546;Bớwéry át Midnight;;1942;0;61;1090.0;FALSE;Crime, Thriller
33;323;tt0035017;Carnival of Sinners;;1943;0;78;1378.0;TRUE;Fantasy, Horror
34;329;tt0035211;Thé Pridé ớf thé Yánkéés;The Pride of the Yankees;\N;1942;128;10584.0;TRUE;Biography, Drama, Romance
35;340;tt0035753;Le Corbeau;Le corbeau;1943;0;92;9612.0;TRUE;Crime, Drama, Mystery
36;343;tt0035979;Heaven Can Wait;Heaven Can Wait;1943;0;112;10637.0;TRUE;Comedy, Drama, Fantasy
37;370;tt0037077;The Miracle of Morgan's Creek;The Miracle of Morgan's Creek;1944;0;98;7330.0;TRUE;Comedy, Romance, War
38;380;tt0037469;Thé Wớmán in thé Windớw;;1944;0;107;15428.0;TRUE;Crime, Drama, Film-Noir
39;384;tt0037630;Les Dames du Bois de Boulogne;Les dames du Bois de Boulogne;1945;0;86;4227.0;TRUE;Drama, Romance
40;406;tt0038700;The Locket;The Locket;1946;0;85;2567.0;TRUE;Crime, Drama, Film-Noir
41;408;tt0038762;My Darling Clementine;;\N;1946;97;22867.0;TRUE;Drama, Romance, Western
42;411;tt0038824;Panique;;1946;0;99;1874.0;TRUE;Crime, Drama
43;413;tt0038890;Rome, Open City;Roma città aperta;\N;1945;103;25426.0;TRUE;Drama, Thriller, War
44;417;tt0038965;Somewhere in the Night;Somewhere in the Night;1946;0;110;2811.0;TRUE;Crime, Drama, Film-Noir
45;420;tt0038991;The Stranger;;1946;0;95;25729.0;TRUE;Crime, Drama, Film-Noir
46;439;tt0039661;Nightmare Alley;;1947;0;110;8908.0;TRUE;Drama, Film-Noir
47;441;tt0039668;Nosotros los pobres;Nosotros los pobres;1948;0;128;1034.0;TRUE;Drama
48;453;tt0040068;Abbott and Costello Meet Frankenstein;;1948;0;83;17153.0;TRUE;Comedy, Family, Fantasy
49;490;tt0041513;Intruder in the Dust;Intruder in the Dust;1949;0;87;2201.0;TRUE;Crime, Drama, Family
50;497;tt0041841;Sands of Iwo Jima;;1949;0;100;10204.0;TRUE;Action, Drama, Romance
51;518;tt0042788;Night and the City;;1950;0;101;13068.0;TRUE;Crime, Film-Noir, Mystery
52;538;tt0043614;Thé Idiớt;;1951;0;166;4929.0;TRUE;Drama, Romance
53;557;tt0044420;The Big Trees;The Big Trees;1952;0;89;1611.0;FALSE;Western
54;566;tt0044937;My Cớúsin Ráchél;My Cousin Rachel;\N;1952;98;2759.0;TRUE;Drama, Mystery, Romance
55;571;tt0045112;The Life of Oharu;Saikaku ichidai onna;1952;0;148;;TRUE;Drama
56;580;tt0045518;Arrowhead;Arrowhead;1953;0;105;1399.0;FALSE;Drama, Romance, Western
57;610;tt0046816;The Caine Mutiny;The Caine Mutiny;1954;0;124;26940.0;TRUE;Drama, War
58;611;tt0046874;The Country Girl;;1954;0;104;5845.0;TRUE;Drama, Music
59;612;tt0046878;Crime Wave;Crime Wave;1953;0;73;3642.0;TRUE;Crime, Drama, Film-Noir
60;613;tt0046912;Dial M for Murder;;1954;0;105;168570.0;TRUE;Crime, Thriller
61;615;tt0047094;Hobson's Choice;Hobson's Choice;1954;0;108;7112.0;TRUE;Comedy, Drama, Romance
62;626;tt0047528;Lá Strádá;;1954;0;108;61397.0;TRUE;Drama
63;655;tt0048545;Rebel Without a Cause;;1955;0;111;87634.0;TRUE;Drama
64;670;tt0049010;Bigger Than Life;Bigger Than Life;1956;0;95;;TRUE;Drama
65;674;tt0049147;Dớbrý vớják Svéjk;Dobrý voják Svejk;1957;0;108;1223.0;TRUE;War, Comedy
66;675;tt0049201;The Fastest Gun Alive;;1956;0;89;3023.0;TRUE;Drama, Western
67;695;tt0049710;Samurai III: Duel at Ganryu Island;Miyamoto Musashi kanketsuhen: kettô Ganryûjima;1956;0;105;5906.0;TRUE;Action, Adventure, Drama
68;702;tt0049866;Toto, Peppino, and the Hussy;Totò, Peppino e la... malafemmina;1956;0;106;1806.0;TRUE;Comedy, Musical, Romance
69;707;tt0050147;Attack of the Crab Monsters;Attack of the Crab Monsters;1957;0;63;3242.0;FALSE;Horror, Sci-Fi
70;723;tt0050610;Kronos;Kronos;1957;0;78;1763.0;FALSE;Action, Drama, Horror
71;742;tt0051398;The Barbarian and the Geisha;;1958;0;105;1924.0;FALSE;Adventure, Drama, History
72;748;tt0051720;Equinox Flower;;1958;0;118;;TRUE;Comedy, Drama
73;754;tt0051866;Thé Linéúp;;1958;0;86;3601.0;TRUE;Crime, Drama, Film-Noir
74;763;tt0052077;Plan 9 from Outer Space;;1957;0;79;37818.0;FALSE;Horror, Sci-Fi
75;767;tt0052156;The Saga of the Viking Women and Their Voyage to the Waters of the Great Sea Serpent;The Saga of the Viking Women and Their Voyage to the Waters of the Great Sea Serpent;1957;0;66;;FALSE;Action, Adventure, Fantasy
76;772;tt0052286;Terror from the Year 5000;Terror from the Year 5000;1958;0;66;1401.0;FALSE;Sci-Fi
77;773;tt0052289;The Thing That Couldn't Die;;1958;0;69;1720.0;FALSE;Horror
78;776;tt0052378;Wár ớf thé Cớlớssál Béást;War of the Colossal Beast;1958;0;69;2266.0;FALSE;Horror, Sci-Fi
79;799;tt0052961;Kapo;;1960;0;117;2232.0;TRUE;Drama, War
80;800;tt0052969;The Killer Shrews;;1959;0;69;4912.0;FALSE;Horror, Sci-Fi
81;802;tt0052997;The League of Gentlemen;The League of Gentlemen;1960;0;116;4394.0;TRUE;Comedy, Crime, Drama
82;804;tt0053039;Thé Fácts ớf Múrdér;Un maledetto imbroglio;1959;0;115;1204.0;TRUE;Crime, Drama, Mystery
83;806;tt0053065;Middle of the Night;Middle of the Night;1959;0;118;1232.0;TRUE;Drama
84;822;tt0053390;Floating Weeds;Ukikusa;1959;0;119;7756.0;TRUE;Drama
85;852;tt0054067;Black Sunday;;1960;0;87;14926.0;TRUE;Horror
86;870;tt0054357;Swiss Family Robinson;;1960;0;126;15495.0;TRUE;Adventure, Family
87;887;tt0054743;The Children's Hour;The Children's Hour;1961;0;108;15863.0;TRUE;Drama, Romance
88;889;tt0054749;Two Women;;1960;0;101;10542.0;TRUE;Drama, War
89;891;tt0054847;El Cid;El Cid;1961;0;182;13801.0;TRUE;Biography, Drama, History
90;893;tt0054949;War of the Buttons;;1962;0;90;2543.0;TRUE;Comedy, Family
91;894;tt0054997;The Hustler;The Hustler;1961;0;134;79893.0;TRUE;Drama, Sport
92;921;tt0055747;Love at Twenty;;1962;0;120;2298.0;TRUE;Drama, Romance
93;933;tt0055998;Freud;Freud;\N;1962;140;2755.0;TRUE;Biography, Drama
94;937;tt0056058;Hara-Kiri;;1962;0;133;50633.0;TRUE;Action, Drama, Mystery
95;946;tt0056197;The Longest Day;The Longest Day;1962;0;178;;TRUE;Action, Drama, History
96;952;tt0056327;Pale Flower;;1964;0;96;3520.0;TRUE;Action, Crime
97;955;tt0056415;Ring ớf Térrớr;Ring of Terror;1961;0;71;;FALSE;Drama, Horror
98;967;tt0056930;A Child Is Waiting;;\N;1963;102;2842.0;TRUE;Drama
99;1018;tt0058275;Lemonade Joe;;1964;0;95;2738.0;TRUE;Adventure, Comedy, Musical
100;1029;tt0058458;The Soft Skin;La peau douce;1964;0;113;7415.0;TRUE;Drama, Romance
101;1053;tt0059199;Fránkénstéin Mééts thé Spácémớnstér;;1965;0;79;1578.0;FALSE;Horror, Sci-Fi
102;1054;tt0059205;Frankenstein vs. Baragon;Furankenshutain tai chitei kaijû Baragon;1965;0;90;2083.0;FALSE;Horror, Sci-Fi, Thriller
103;1061;tt0059377;Lady L;;1965;0;117;1104.0;FALSE;Comedy
104;1063;tt0059417;The Holy Man;Mahapurush;1965;0;65;1338.0;TRUE;Comedy
105;1065;tt0059496;The Nanny;The Nanny;1965;0;91;5995.0;TRUE;Mystery, Thriller
106;1070;tt0059578;Fớr á Féw Dớllárs Mớré;Per qualche dollaro in più;1965;0;132;246060.0;TRUE;Western
107;1075;tt0059715;Stớry ớf á Prớstitúté;;1965;0;96;1377.0;TRUE;Drama, Romance, War
108;1078;tt0059812;Thé Cớrpớrál ánd Ớthérs;;1965;0;111;2345.0;TRUE;Comedy, War
109;1091;tt0060188;The Brides of Fu Manchu;The Brides of Fu Manchu;1966;0;94;1233.0;FALSE;Adventure, Crime
110;1097;tt0060457;The Ghost in the Invisible Bikini;;1966;0;82;1191.0;FALSE;Comedy, Horror, Musical
111;1100;tt0060543;Intimate Lighting;Intimní osvetlení;1965;0;71;1443.0;TRUE;Comedy, Drama, Music
112;1101;tt0060545;I Knew Her Well;;1965;0;115;2475.0;TRUE;Drama
113;1104;tt0060584;Kidnapping, Caucasian Style;Kavkazskaya plennitsa, ili Novye priklyucheniya Shurika;\N;1967;82;11650.0;TRUE;Adventure, Comedy, Drama
114;1131;tt0061407;The Taming of The Shrew;;1967;0;122;;TRUE;Comedy, Drama, Romance
115;1133;tt0061452;Casino Royale;Casino Royale;1967;0;131;29230.0;FALSE;Comedy
116;1134;tt0061456;Catalina Caper;Catalina Caper;1967;0;84;2046.0;FALSE;Comedy, Musical, Mystery
117;1159;tt0061796;Hurry Sundown;Hurry Sundown;1967;0;146;1202.0;FALSE;Drama
118;1167;tt0062006;The Mummy's Shroud;The Mummy's Shroud;1967;0;90;2005.0;FALSE;Horror
119;1171;tt0062138;Point Blank;Point Blank;1967;0;92;20251.0;TRUE;Crime, Drama, Thriller
120;1176;tt0062235;Thé Tớrtúré Chámbér ớf Dr. Sádism;;1967;0;84;1779.0;FALSE;Horror, Mystery
121;1192;tt0062776;Candy;;1968;0;124;3082.0;FALSE;Adventure, Comedy, Fantasy
122;1194;tt0062844;Cústér ớf thé Wést;;1967;0;140;1420.0;FALSE;Biography, Drama, History
123;1195;tt0062898;Doctor Faustus;;1967;0;93;1072.0;FALSE;Drama, Horror, Mystery
124;1209;tt0063218;Signs of Life;;1968;0;90;2116.0;TRUE;Drama
125;1215;tt0063371;A Report on the Party and Guests;;1966;0;71;1540.0;TRUE;Comedy, Drama
126;1222;tt0063501;The Big Gundown;;1966;0;110;5988.0;TRUE;Western
127;1240;tt0064147;Jackal of Nahueltoro;El Chacal de Nahueltoro;\N;1969;95;1009.0;TRUE;Biography, Crime, Drama
128;1247;tt0064338;The Castle of Fu Manchu;;\N;1969;92;2080.0;FALSE;Adventure, Crime, Horror
129;1248;tt0064356;The Cow;Gaav;1969;0;104;6921.0;TRUE;Drama
130;1251;tt0064393;The Green Slime;;1968;0;90;3534.0;FALSE;Drama, Horror, Sci-Fi
131;1264;tt0064866;Burn!;Queimada;1969;0;132;5065.0;TRUE;Action, Drama, War
132;1272;tt0065168;Thé Núdé Vámpiré;;1970;0;90;;FALSE;Horror
133;1273;tt0065180;Viimne reliikvia;;1969;0;86;;TRUE;Adventure, History, Romance
134;1278;tt0065416;Aradhana;;1969;0;169;1808.0;TRUE;Drama, Musical, Romance
135;1284;tt0065528;Catch-22;Catch-22;1970;0;122;24567.0;TRUE;Comedy, Drama, War
136;1299;tt0065988;Little Big Man;Little Big Man;1970;0;139;34408.0;TRUE;Adventure, Comedy, Drama
137;1304;tt0066154;No Blade of Grass;No Blade of Grass;1970;0;96;1729.0;FALSE;Drama, Sci-Fi
138;1326;tt0066728;The Million Dollar Duck;The Million Dollar Duck;1971;0;89;2271.0;FALSE;Comedy, Family, Sci-Fi
139;1340;tt0066919;Lulu the Tool;;1971;0;125;3247.0;TRUE;Drama
140;1344;tt0066982;Demons of the Mind;;\N;1972;89;1530.0;FALSE;Horror, Thriller
141;1350;tt0067123;Gamera vs. Zigra;;1971;0;87;;FALSE;Action, Adventure, Family
142;1359;tt0067372;Macbeth;;1971;0;140;13354.0;TRUE;Drama, History
143;1393;tt0068240;Avanti!;;1972;0;144;10122.0;TRUE;Comedy, Romance
144;1394;tt0068257;Bawarchi;Bawarchi;1972;0;130;3936.0;TRUE;Comedy, Musical, Drama
145;1404;tt0068379;Ciao Manhattan;Ciao Manhattan;1972;0;84;1074.0;FALSE;Biography, Drama, Romance
146;1413;tt0068646;Thé Gớdfáthér;;1972;0;175;1725806.0;TRUE;Crime, Drama
147;1424;tt0068902;The Italian Connection;La mala ordina;1972;0;95;2250.0;TRUE;Action, Crime, Thriller
148;1464;tt0070061;Love & Anarchy;;1973;0;124;2892.0;TRUE;Comedy, Drama, Romance
149;1470;tt0070215;My Name Is Nobody;;1973;0;116;26147.0;TRUE;Comedy, Western
150;1484;tt0070537;Pigs;Daddy's Deadly Darling;1973;0;80;1230.0;FALSE;Horror
151;1496;tt0070842;Turkish Delight;;\N;1973;108;10696.0;TRUE;Drama, Romance
152;1541;tt0072820;Cooley High;;\N;1975;107;4623.0;TRUE;Comedy, Drama, Romance
153;1543;tt0072869;The Devil's Rain;;1975;0;86;4036.0;FALSE;Horror
154;1557;tt0073043;The Giant Spider Invasion;;1975;0;84;4115.0;FALSE;Horror, Sci-Fi
155;1560;tt0073155;That Most Important Thing: Love;L'important c'est d'aimer;1975;0;109;3769.0;TRUE;Drama, Romance
156;1576;tt0073679;Special Section;;1975;0;118;1254.0;TRUE;Drama, History, Thriller
157;1586;tt0074252;Ugly, Dirty and Bad;;1976;0;115;8222.0;TRUE;Comedy, Drama
158;1588;tt0074286;Carry on England;Carry on England;\N;1976;89;1957.0;FALSE;Comedy, War
159;1604;tt0074554;The Front;The Front;1976;0;95;;TRUE;Drama
160;1609;tt0074599;Gús;;1976;0;96;1852.0;FALSE;Comedy, Family, Sport
161;1625;tt0074921;Most;Most;1969;0;105;1086.0;TRUE;Action, War
162;1664;tt0076155;The Man Who Loved Women;L'homme qui aimait les femmes;1977;0;120;6660.0;TRUE;Comedy, Drama, Romance
163;1671;tt0076312;Love Letters of a Portuguese Nun;;1977;0;89;1089.0;FALSE;Drama, Adventure, Horror
164;1700;tt0077292;Crippled Avengers;Can que;1978;0;104;2395.0;TRUE;Action, Drama
165;1714;tt0077660;Harper Valley P.T.A.;;1978;0;93;1098.0;FALSE;Comedy
166;1720;tt0077745;Invasion of the Body Snatchers;;1978;0;115;57581.0;TRUE;Horror, Sci-Fi
167;1731;tt0078326;Straight Time;;1978;0;114;8440.0;TRUE;Crime, Drama
168;1734;tt0078418;Trishul;Trishul;1978;0;167;2202.0;TRUE;Action, Drama, Musical
169;1735;tt0078435;Message from Space;Uchu kara no messeji;1978;0;105;1370.0;FALSE;Action, Adventure, Sci-Fi
170;1744;tt0078778;Ángéls' Brigádé;;1979;0;97;1939.0;FALSE;Action, Comedy
171;1767;tt0079450;Thé Légácy;The Legacy;1978;0;102;2877.0;FALSE;Horror
172;1785;tt0079944;Stalker;;1979;0;162;128082.0;TRUE;Drama, Sci-Fi
173;1798;tt0080439;The Taming of the Scoundrel;Il bisbetico domato;1980;0;107;7780.0;TRUE;Comedy, Romance
174;1800;tt0080486;Devil Hunter;El caníbal;\N;1980;102;1347.0;FALSE;Horror
175;1806;tt0080610;The Last Metro;;1980;0;131;13637.0;TRUE;
176;1807;tt0080623;Hálf á Lớáf ớf Kúng Fú;;1978;0;97;1809.0;FALSE;
177;1813;tt0080905;Fists of the White Lotus;Hong Wending san po bai lian jiao;1980;0;95;1593.0;TRUE;
178;1817;tt0080979;Kagemusha;;1980;0;180;34545.0;TRUE;
179;1822;tt0081250;The Night of the Hunted;La nuit des traquées;1980;0;87;1608.0;FALSE;
180;1827;tt0081427;Ricomincio da tre;Ricomincio da tre;1981;0;110;;TRUE;
181;1840;tt0082094;The Boogens;;1981;0;95;2610.0;FALSE;
182;1855;tt0082350;An Eye for an Eye;An Eye for an Eye;1981;0;106;3840.0;FALSE;
183;1904;tt0083254;Under the Rainbow;Under the Rainbow;1981;0;98;2704.0;FALSE;
184;1906;tt0083271;Vabank;Vabank;1981;0;108;4238.0;TRUE;
185;1908;tt0083296;Visiting Hours;Visiting Hours;1982;0;105;4095.0;FALSE;
186;1928;tt0083922;Fanny and Alexander;;1982;0;188;61602.0;TRUE;
187;1950;tt0084504;The Pirate Movie;The Pirate Movie;\N;1982;105;4323.0;FALSE;
188;1960;tt0084652;The Seduction;The Seduction;\N;1982;104;1163.0;FALSE;
189;1982;tt0085180;L'Argent;;1983;0;85;9418.0;TRUE;
190;1988;tt0085327;Who Finds a Friend Finds a Treasure;Chi trova un amico trova un tesoro;1981;0;108;11165.0;TRUE;
191;1994;tt0085387;D.C. Cáb;D.C. Cab;1983;0;100;;FALSE;
192;1999;tt0085478;Educating Rita;Educating Rita;1983;0;110;13621.0;TRUE;
193;2033;tt0086197;The Right Stuff;The Right Stuff;1983;0;193;59903.0;TRUE;
194;2043;tt0086345;Space Raiders;Space Raiders;1983;0;84;;FALSE;
195;2045;tt0086349;Spasms;;1983;0;90;1085.0;FALSE;
196;2071;tt0086978;Blind Date;Blind Date;\N;1984;106;1908.0;FALSE;
197;2075;tt0086998;Breakin';;1984;0;90;6248.0;FALSE;
198;2085;tt0087328;The Home and the World;Ghare-Baire;1984;0;140;;TRUE;
199;2090;tt0087425;Hot Dog... The Movie;Hot Dog ...The Movie;1983;0;96;3368.0;FALSE;
200;2104;tt0087798;Night Train to Terror;Night Train to Terror;1985;0;98;;FALSE;
201;2116;tt0088074;Secret Honor;Secret Honor;1984;0;90;2934.0;TRUE;
202;2128;tt0088333;Up the Creek;;1984;0;96;3449.0;FALSE;
203;2136;tt0088763;Báck tớ thé Fútúré;Back to the Future;1985;0;116;1127305.0;TRUE;
204;2143;tt0088939;The Color Purple;The Color Purple;1985;0;154;83143.0;TRUE;
205;2160;tt0089371;Mr. Vampire;Geung see sin sang;1985;0;96;3835.0;TRUE;
206;2181;tt0089800;The Feather Fairy;;1985;0;90;1153.0;TRUE;
207;2208;tt0090660;Armed and Dangerous;;\N;1986;88;11241.0;FALSE;
208;2226;tt0091149;Thé Gréát Mớúsé Détéctivé;;1986;0;74;47842.0;TRUE;
209;2254;tt0091671;From a Whisper to a Scream;;1987;0;99;2353.0;FALSE;
210;2255;tt0091706;Out of Bounds;Out of Bounds;1986;0;93;1576.0;FALSE;
211;2257;tt0091777;Police Academy 3: Back in Training;Police Academy 3: Back in Training;1986;0;83;44440.0;FALSE;
212;2288;tt0092608;Back to the Beach;;1987;0;92;2918.0;FALSE;
213;2293;tt0092695;The Brave Little Toaster;The Brave Little Toaster;1987;0;90;24998.0;TRUE;
214;2327;tt0093223;House of Games;House of Games;1987;0;102;21895.0;TRUE;
215;2336;tt0093431;The Lonely Passion of Judith Hearne;The Lonely Passion of Judith Hearne;1987;0;116;1036.0;TRUE;
216;2355;tt0093870;RoboCop;RoboCop;1987;0;102;246467.0;TRUE;
217;2357;tt0093966;The Sicilian;;1987;0;115;4931.0;FALSE;
218;2363;tt0094021;Thé Sqúéézé;;1987;0;101;1161.0;FALSE;
219;2364;tt0094027;Stand and Deliver;;1988;0;103;19598.0;TRUE;
220;2388;tt0094701;Bad Dreams;;\N;1988;80;3816.0;FALSE;
221;2398;tt0094846;Cásúál Séx?;;1988;0;97;4004.0;FALSE;
222;2399;tt0094850;Cellar Dweller;;\N;1987;77;2319.0;FALSE;
223;2413;tt0095238;The Good Mother;;1988;0;104;1667.0;FALSE;
224;2417;tt0095276;Hanussen;;1988;0;140;1701.0;TRUE;
225;2434;tt0095665;Mr. North;Mr. North;1988;0;93;1442.0;FALSE;
226;2437;tt0095715;Alice;Neco z Alenky;\N;1988;86;12391.0;TRUE;
227;2438;tt0095756;Not of This Earth;Not of This Earth;1988;0;81;2420.0;FALSE;
228;2460;tt0096241;The Telephone;The Telephone;1988;0;96;1021.0;FALSE;
229;2471;tt0096786;Alienator;;1990;0;93;1569.0;FALSE;
230;2474;tt0096894;Bashu, the Little Stranger;;1989;0;120;2759.0;TRUE;
231;2475;tt0096908;A City of Sadness;Beiqing chengshi;1989;0;157;4622.0;TRUE;
232;2486;tt0097257;Earth Girls Are Easy;;1988;0;100;22758.0;FALSE;
233;2497;tt0097503;Hider in the House;Hider in the House;1989;0;108;1581.0;FALSE;
234;2507;tt0097636;The Jönsson Gang in Mallorca;Jönssonligan på Mallorca;1989;0;101;3527.0;FALSE;
235;2517;tt0097870;Forever Mary;;1989;0;102;1059.0;TRUE;
236;2524;tt0098022;Old Gringo;Old Gringo;1989;0;119;;FALSE;
237;2551;tt0098649;Wickéd Stépmớthér;Wicked Stepmother;1989;0;90;2122.0;FALSE;
238;2558;tt0099172;Brácá pớ mátéri;Braca po materi;1988;0;105;1181.0;TRUE;
239;2570;tt0099492;The Tenants;;1987;0;109;2244.0;TRUE;
240;2584;tt0099810;The Hunt for Red October;The Hunt for Red October;1990;0;135;190578.0;TRUE;
241;2605;tt0100339;Patlabor: The Movie;;1989;0;100;4892.0;TRUE;
242;2608;tt0100470;Journey of Hope;Reise der Hoffnung;1990;0;105;2039.0;TRUE;
243;2609;tt0100475;Répớssésséd;;1990;0;80;8604.0;FALSE;
244;2623;tt0101256;976-Evil II;;1991;0;93;1687.0;FALSE;
245;2633;tt0101492;Body Parts;Body Parts;1991;0;88;4326.0;FALSE;
246;2636;tt0101526;Children of Nature;;1991;0;82;1470.0;TRUE;
247;2641;tt0101649;Thalapathi;;1991;0;157;;TRUE;
248;2645;tt0101701;Delirious;Delirious;1991;0;96;8363.0;FALSE;
249;2664;tt0102351;Lucky Luke;;1991;0;92;3887.0;FALSE;
250;2689;tt0103016;Switch;;\N;1991;103;;FALSE;
251;2703;tt0103773;Basket Case 3;Basket Case 3;1991;0;90;;FALSE;
252;2706;tt0103848;Blue Ice;;1992;0;105;1618.0;FALSE;
253;2718;tt0104046;Daens;;\N;1992;138;4077.0;TRUE;
254;2727;tt0104409;Hellraiser III: Hell on Earth;Hellraiser III: Hell on Earth;1992;0;97;29637.0;FALSE;
255;2739;tt0104759;Thé Lớst Wớrld;The Lost World;1992;0;99;1154.0;FALSE;
256;2747;tt0104870;Mikey;Mikey;1992;0;92;2593.0;FALSE;
257;2765;tt0105395;Shootfighter: Fight to the Death;Shootfighter: Fight to the Death;1993;0;100;1193.0;FALSE;
258;2767;tt0105477;Stop! Or My Mom Will Shoot;Stop! Or My Mom Will Shoot;1992;0;87;41385.0;FALSE;
259;2779;tt0105792;Waxwork II: Lost in Time;Waxwork II: Lost in Time;1992;0;104;4405.0;FALSE;
260;2780;tt0105807;Whén thé Párty's Ớvér;When the Party's Over;1992;0;114;1054.0;FALSE;
261;2784;tt0106185;The Innocent;The Innocent;1993;0;119;1559.0;FALSE;
262;2821;tt0107156;The Wedding Banquet;;1993;0;106;14993.0;TRUE;
263;2837;tt0107611;Mr. Jones;Mr. Jones;1993;0;114;7139.0;FALSE;
264;2849;tt0107927;The Real McCoy;The Real McCoy;1993;0;105;8871.0;FALSE;
265;2858;tt0108186;Son in Law;;\N;1993;95;19663.0;FALSE;
266;2860;tt0108194;Sose halunk meg;;1993;0;95;1783.0;TRUE;
267;2887;tt0109277;Sailor Moon S: The Movie - Hearts in Ice;;1994;0;60;1959.0;TRUE;
268;2895;tt0109443;Clean Slate;Clean Slate;1994;0;107;3873.0;FALSE;
269;2920;tt0109958;He's a Woman, She's a Man;Gam chi yuk yip;1994;0;107;1052.0;TRUE;
270;2940;tt0110280;Révớlútiớnáry;Krantiveer;1994;0;159;2032.0;TRUE;
271;2947;tt0110361;Lisbon Story;Lisbon Story;1994;0;100;4833.0;TRUE;
272;2965;tt0110882;Before the Rain;;1994;0;113;14587.0;TRUE;
273;2974;tt0111161;The Shawshank Redemption;The Shawshank Redemption;1994;0;142;2503641.0;TRUE;
274;2991;tt0112342;The Amazing Panda Adventure;;1995;0;84;4089.0;FALSE;
275;3010;tt0112634;Carnosaur 2;Carnosaur 2;1995;0;83;2048.0;FALSE;
276;3016;tt0112767;Cyclo;;1995;0;123;4995.0;TRUE;
277;3023;tt0113049;Fermo posta Tinto Brass;;1995;0;81;1517.0;FALSE;
278;3024;tt0113063;The Final Cut;;\N;1995;96;;FALSE;
279;3034;tt0113443;It's My Party;;1996;0;110;2998.0;TRUE;
280;3044;tt0113674;Live Nude Girls;;1995;0;95;1841.0;FALSE;
281;3052;tt0113808;Miami Rhapsody;Miami Rhapsody;1995;0;95;3309.0;FALSE;
282;3056;tt0113845;Money Train;Money Train;1995;0;110;40354.0;FALSE;
283;3059;tt0113870;Murder in the First;;1995;0;122;27861.0;TRUE;
284;3068;tt0114193;Prớjéct: Métálbéást;;\N;1995;92;;FALSE;
285;3074;tt0114429;Shirli-myrli;Shirli-myrli;1995;0;143;;TRUE;
286;3089;tt0114781;Under Siege 2: Dark Territory;Under Siege 2: Dark Territory;1995;0;100;;FALSE;
287;3095;tt0114996;A Chinese Odyssey: Part 2 - Cinderella;;1995;0;98;6989.0;TRUE;
288;3117;tt0115742;Boys;Boys;1996;0;86;3644.0;FALSE;
289;3121;tt0115794;Bámbola;;1996;0;92;;FALSE;
290;3123;tt0115836;Carpool;;1996;0;89;4803.0;FALSE;
291;3129;tt0116116;Dévil's Islánd;;1996;0;99;;TRUE;
292;3132;tt0116225;Escape from L.A.;;1996;0;101;73011.0;FALSE;
293;3141;tt0116308;Fire;Fire;1996;0;108;5941.0;TRUE;
294;3142;tt0116311;First Kid;;1996;0;101;10750.0;FALSE;
295;3148;tt0116506;Hearts & Minds;;1995;0;100;3321.0;FALSE;
296;3180;tt0117128;Mystery Science Theater 3000: The Movie;Mystery Science Theater 3000: The Movie;1996;0;73;;TRUE;
297;3184;tt0117238;Ớmégá Dớớm;;1996;0;84;3087.0;FALSE;
298;3194;tt0117477;Ridicule;;1996;0;102;7489.0;TRUE;
299;3221;tt0118011;Premeditated Murder;Ubistvo s predumisljajem;1995;0;94;1865.0;TRUE;
300;3226;tt0118521;U2: Zoo TV Live from Sydney;U2: Zoo TV Live from Sydney;1994;0;118;1068.0;TRUE;
301;3228;tt0118541;8 Héáds in á Dúffél Bág;8 Heads in a Duffel Bag;1997;0;95;10279.0;FALSE;
302;3230;tt0118589;Glittér;Glitter;2001;0;104;;FALSE;
303;3231;tt0118660;Auzaar;;1997;0;127;1039.0;FALSE;
304;3256;tt0119086;Excess Baggage;;1997;0;101;;FALSE;
305;3264;tt0119177;Gattaca;Gattaca;1997;0;106;292512.0;TRUE;
306;3270;tt0119247;Half a Chance;1 chance sur 2;1998;0;104;2598.0;FALSE;
307;3292;tt0119626;Martín (Hache);Martín (Hache);1997;0;123;4178.0;TRUE;
308;3293;tt0119640;McHale's Navy;McHale's Navy;1997;0;108;;FALSE;
309;3299;tt0119815;Four Days in September;;1997;0;110;4854.0;TRUE;
310;3300;tt0119820;Ogifta par ...en film som skiljer sig;Ogifta par ...en film som skiljer sig;1997;0;90;1277.0;FALSE;
311;3310;tt0120036;Rosewood;Rosewood;1997;0;140;;TRUE;
312;3325;tt0120255;Thé Swéét Héréáftér;;1997;0;112;34541.0;TRUE;
313;3332;tt0120472;Waco: The Rules of Engagement;;1997;0;136;3509.0;TRUE;
314;3335;tt0120576;Dance with Me;Dance with Me;1998;0;126;6324.0;FALSE;
315;3336;tt0120577;54;54;1998;0;93;32722.0;FALSE;
316;3370;tt0122037;The Dead Pit;;1989;0;95;;FALSE;
317;3388;tt0124770;Patlabor 2: The Movie;Kidô keisatsu patorebâ: The Movie 2;1993;0;113;4011.0;TRUE;
318;3399;tt0126886;Election;;1999;0;103;;TRUE;
319;3407;tt0128232;Ghost Keeper;Ghostkeeper;1981;0;89;1044.0;FALSE;
320;3409;tt0128442;Rớúndérs;;1998;0;121;147567.0;TRUE;
321;3411;tt0128985;Chálti Ká Náám Gáádi;;1958;0;173;1589.0;TRUE;
322;3438;tt0134614;The Girls;;1962;0;98;3671.0;TRUE;
323;3460;tt0139239;Go;;1999;0;102;70324.0;TRUE;
324;3469;tt0140448;Páthinárú Váyáthinilé;;1977;0;139;1083.0;TRUE;
325;3475;tt0141824;The Inheritors;Die Siebtelbauern;1998;0;95;1155.0;TRUE;
326;3498;tt0145503;Sunshine;;1999;0;181;14812.0;TRUE;
327;3500;tt0145547;Two Hands;Two Hands;1999;0;103;12330.0;TRUE;
328;3509;tt0149568;Áá Áb Láút Chálén;;1999;0;177;1721.0;FALSE;
329;3517;tt0151691;My Námé Is Jớé;My Name Is Joe;1998;0;105;8228.0;TRUE;
330;3533;tt0156901;The Apple;;1998;0;86;2339.0;TRUE;
331;3545;tt0160127;Chárlié's Ángéls;Charlie's Angels;2000;0;98;183257.0;FALSE;
332;3547;tt0160298;Trippin';Trippin';1999;0;94;1315.0;FALSE;
333;3550;tt0162211;Deadly Instincts;;1997;0;90;1173.0;FALSE;
334;3553;tt0162866;The Emperor and the Assassin;Jing Ke ci Qin Wang;1998;0;162;6144.0;TRUE;
335;3564;tt0164114;Drive Me Crazy;Drive Me Crazy;1999;0;91;19166.0;FALSE;
336;3607;tt0169828;Fáthér ớf á Sớldiér;Jariskatsis mama;1964;0;87;4133.0;TRUE;
337;3609;tt0171227;Diplomatic Siege;;1999;0;90;1470.0;FALSE;
338;3615;tt0172519;Guddu;;1995;0;160;2328.0;FALSE;
339;3617;tt0172627;Body Shots;;1999;0;106;5424.0;FALSE;
340;3635;tt0177226;Sisters of Death;;1976;0;87;;FALSE;
341;3638;tt0177698;Miss Director;Dis diefthyntis;1964;0;96;1408.0;TRUE;
342;3640;tt0177789;Galaxy Quest;Galaxy Quest;\N;1999;102;;TRUE;
343;3643;tt0179182;Forever Mine;;1999;0;115;2475.0;FALSE;
344;3663;tt0182000;The Caveman's Valentine;The Caveman's Valentine;2001;0;105;7842.0;FALSE;
345;3666;tt0183306;Jinnáh;;1998;0;110;2866.0;TRUE;
346;3669;tt0184756;Mr. Múhsin;Muhsin Bey;1987;0;119;10620.0;TRUE;
347;3680;tt0186895;Les Boys III;;2001;0;124;1118.0;FALSE;
348;3682;tt0187231;Barking at the Stars;Lajanje na zvezde;1998;0;95;7218.0;TRUE;
349;3687;tt0188055;Mercy;Mercy;2000;0;117;2237.0;FALSE;
350;3707;tt0192731;Urban Legends: Final Cut;;\N;2000;97;17138.0;FALSE;
351;3713;tt0195909;Meeting People Is Easy;Meeting People Is Easy;1998;0;99;3146.0;TRUE;
352;3720;tt0197384;Crime + Punishment in Suburbia;;2000;0;100;3342.0;FALSE;
353;3725;tt0199481;Druids;Vercingétorix;2001;0;120;5268.0;FALSE;
354;3760;tt0209189;Not One Less;Yi ge dou bu neng shao;1999;0;106;8650.0;TRUE;
355;3765;tt0210701;German Fried Movie;German Fried Movie;1992;0;88;1309.0;FALSE;
356;3772;tt0211915;Amélie;;2001;0;122;730484.0;TRUE;
357;3777;tt0212712;2046;;2004;0;129;55758.0;TRUE;
358;3778;tt0212720;A.I. Artificial Intelligence;A.I. Artificial Intelligence;2001;0;146;;TRUE;
359;3785;tt0214915;Mánichithrátházhú;;1993;0;169;10013.0;TRUE;
360;3816;tt0227194;One 2 Ka 4;One 2 Ka 4;2001;0;169;5013.0;FALSE;
361;3821;tt0229371;An Evening of Edgar Allan Poe;An Evening of Edgar Allan Poe;1970;0;53;1008.0;TRUE;
362;3829;tt0233600;Tokyo Raiders;Dong jing gong lüe;\N;2000;118;2499.0;FALSE;
363;3837;tt0234837;Suzhou River;;2000;0;83;4673.0;TRUE;
364;3926;tt0252277;Bichhoo;Bichhoo;2000;0;160;;FALSE;
365;3928;tt0252405;Düttürü Dünya;;1988;0;91;2603.0;TRUE;
366;3930;tt0252468;Gerzek Saban;Gerzek Saban;1980;0;76;2872.0;TRUE;
367;3944;tt0253623;Sálákớ;;1974;0;87;6022.0;TRUE;
368;3946;tt0253840;The Triumph of Love;;2001;0;112;1552.0;FALSE;
369;3950;tt0253997;Çöpçüler Krali;;1977;0;80;;TRUE;
370;3958;tt0255477;Pinớcchiớ;Pinocchio;2002;0;108;;FALSE;
371;3962;tt0256692;Chori Chori Chupke Chupke;;2001;0;165;;FALSE;
372;3978;tt0260414;Taking Sides;Taking Sides;2001;0;108;;TRUE;
373;3995;tt0263534;Kara gözlüm;;1970;0;95;1049.0;TRUE;
374;4004;tt0265087;Black Knight;;2001;0;95;39788.0;FALSE;
375;4005;tt0265116;Chaos;Chaos;2001;0;109;;TRUE;
376;4006;tt0265144;Ớffsidé;Dar Alanda Kisa Paslasmalar;2000;0;120;3057.0;TRUE;
377;4007;tt0265232;Once in a Lifetime;;2000;0;108;2146.0;FALSE;
378;4021;tt0267363;Chándni Bár;Chandni Bar;2001;0;150;2567.0;TRUE;
379;4024;tt0267913;Scooby-Doo;;2002;0;89;;FALSE;
380;4025;tt0268126;Adaptation.;Adaptation.;2002;0;115;187322.0;TRUE;
381;4044;tt0271210;R.S.V.P.;R.S.V.P.;2002;0;100;1126.0;FALSE;
382;4049;tt0272338;Punch-Drunk Love;;2002;0;95;156992.0;TRUE;
383;4067;tt0277027;I Am Sam;;2001;0;132;147514.0;TRUE;
384;4093;tt0281718;Friend;Chingoo;2001;0;113;4932.0;TRUE;
385;4104;tt0283054;Thunderpants;;2002;0;87;5692.0;FALSE;
386;4111;tt0284494;Skins;;2002;0;84;1444.0;TRUE;
387;4113;tt0284929;Ted Bundy;;2002;0;99;7571.0;FALSE;
388;4115;tt0285487;Crazy as Hell;;\N;2002;113;1069.0;FALSE;
389;4121;tt0286244;The Triplets of Belleville;;2003;0;80;53490.0;TRUE;
390;4158;tt0293832;Hánsél & Grétél;Hansel & Gretel;2002;0;89;1371.0;FALSE;
391;4168;tt0297741;Argo;Argo;2004;0;106;3764.0;TRUE;
392;4174;tt0298954;Crying... Silicon Tears;;2001;0;110;2765.0;TRUE;
393;4176;tt0299213;Waterboys;;2001;0;91;2811.0;TRUE;
394;4180;tt0300902;Ábsớlớn;;2003;0;96;3138.0;FALSE;
395;4182;tt0301082;Cardcaptor Sakura: The Movie;Gekijô-ban Kâdokaputâ Sakura;1999;0;80;1595.0;TRUE;
396;4200;tt0304120;H;H;2002;0;106;1835.0;FALSE;
397;4206;tt0305396;Thé Crớcớdilé Húntér: Cớllisiớn Cớúrsé;The Crocodile Hunter: Collision Course;2002;0;90;7908.0;FALSE;
398;4209;tt0305973;Sonny;;2002;0;110;4218.0;FALSE;
399;4210;tt0306047;Scary Movie 3;;2003;0;84;143408.0;FALSE;
400;4217;tt0307197;Murder on a Sunday Morning;;2001;0;111;4229.0;TRUE;
401;4221;tt0307553;Tempo;Tempo;2003;0;83;1003.0;FALSE;
402;4222;tt0307681;I Not Stupid;;2002;0;105;1137.0;TRUE;
403;4223;tt0307692;Zapata - El sueño del héroe;Zapata - El sueño del héroe;2004;0;\N;1050.0;FALSE;
404;4229;tt0308644;Finding Neverland;;2004;0;106;203152.0;TRUE;
405;4231;tt0309291;Blue Spring;;2001;0;83;3551.0;TRUE;
406;4241;tt0311519;The Man Without a Past;;2002;0;97;23060.0;TRUE;
407;4257;tt0314786;Thé In-Láws;The In-Laws;2003;0;98;16873.0;FALSE;
408;4263;tt0315733;21 Grams;21 Grams;\N;2003;124;231953.0;TRUE;
409;4278;tt0319061;Big Fish;Big Fish;2003;0;125;429870.0;TRUE;
410;4286;tt0322259;2 Fast 2 Furious;2 Fast 2 Furious;2003;0;107;264980.0;FALSE;
411;4288;tt0323013;Lakshya;;2004;0;186;22557.0;TRUE;
412;4306;tt0327409;Alien Hunter;;2003;0;92;4434.0;FALSE;
413;4317;tt0329042;Él Áláméin - Thé Liné ớf Firé;;2002;0;117;1860.0;TRUE;
414;4319;tt0329216;I Witness;;2003;0;95;1502.0;FALSE;
415;4322;tt0329485;The Butterfly;;2002;0;85;;TRUE;
416;4346;tt0337578;Bághbán;Baghban;2003;0;181;;TRUE;
417;4362;tt0339147;Highwaymen;;2004;0;80;8788.0;FALSE;
418;4373;tt0340855;Monster;;2003;0;109;145226.0;TRUE;
419;4378;tt0343168;Thé Wéáthér Úndérgrớúnd;The Weather Underground;2002;0;92;3591.0;TRUE;
420;4392;tt0347304;Kal Ho Naa Ho;;2003;0;186;;TRUE;
421;4399;tt0349205;Cheaper by the Dozen;Cheaper by the Dozen;2003;0;98;98941.0;FALSE;
422;4421;tt0356154;Wolf Summer;;\N;2003;87;1105.0;FALSE;
423;4424;tt0356764;Thé Jớb;The Job;2003;0;86;1023.0;FALSE;
424;4426;tt0357277;Elektra;Elektra;2005;0;97;90548.0;FALSE;
425;4430;tt0357829;Kalyanaraman;Kalyanaraman;2002;0;126;1309.0;TRUE;
426;4456;tt0362511;Dorm Daze;Dorm Daze;2003;0;96;7820.0;FALSE;
427;4457;tt0362942;Post Impact;Post Impact;\N;2004;90;2198.0;FALSE;
428;4458;tt0363143;Trauma;Trauma;2004;0;94;3365.0;FALSE;
429;4461;tt0363409;Aan: Men at Work;;2004;0;149;3019.0;FALSE;
430;4463;tt0363852;O Simdi Asker;;2003;0;125;2650.0;FALSE;
431;4464;tt0364616;The Unknown;;2005;0;85;1149.0;FALSE;
432;4474;tt0366621;InuYasha the Movie 2: The Castle Beyond the Looking Glass;;\N;2002;99;2071.0;TRUE;
433;4476;tt0366721;Trilogy: The Weeping Meadow;;2004;0;170;4670.0;TRUE;
434;4504;tt0369702;The Sea Inside;;2004;0;126;80209.0;TRUE;
435;4512;tt0372303;Thé Cớnféssớr;;2004;0;91;1443.0;FALSE;
436;4516;tt0373051;Journey to the Center of the Earth;;2008;0;93;;FALSE;
437;4532;tt0375093;Srabon Megher Din;;2000;0;150;2409.0;TRUE;
438;4534;tt0375611;Black;;2005;0;122;34370.0;TRUE;
439;4537;tt0375878;Kaakha..Kaakha: The Police;;2003;0;153;6015.0;TRUE;
440;4544;tt0376650;Hipnos;Hipnos;2004;0;93;1441.0;FALSE;
441;4578;tt0381601;Slipstream;Slipstream;2005;0;89;3348.0;FALSE;
442;4589;tt0382330;Ás It Is in Héávén;Så som i himmelen;2004;0;133;17026.0;TRUE;
443;4595;tt0383010;The Three Stooges;The Three Stooges;2012;0;92;31097.0;FALSE;
444;4597;tt0383060;Zoom;;2006;0;93;20581.0;FALSE;
445;4623;tt0387357;The Locals;;2003;0;88;2062.0;FALSE;
446;4628;tt0388130;Initial D: Third Stage;Initial D: Third Stage;2001;0;100;1299.0;TRUE;
447;4651;tt0391728;Adam and Eve;;2005;0;91;2797.0;FALSE;
448;4657;tt0393775;Simon;;\N;2004;102;8064.0;TRUE;
449;4678;tt0398842;The Celestine Prophecy;The Celestine Prophecy;2006;0;99;;FALSE;
450;4687;tt0401711;Paris, je t'aime;;2006;0;120;71851.0;TRUE;
451;4689;tt0401815;Tamara;;2005;0;98;10136.0;FALSE;
452;4693;tt0402158;Empire of the Wolves;;2005;0;128;;FALSE;
453;4725;tt0408345;Firewall;Firewall;2006;0;105;57377.0;FALSE;
454;4731;tt0409182;Poseidon;;\N;2006;98;;FALSE;
455;4745;tt0412019;Broken Flowers;;2005;0;106;101239.0;TRUE;
456;4772;tt0417686;Forest of the Damned;;2005;0;95;1168.0;FALSE;
457;4773;tt0417751;Her Minor Thing;;2005;0;91;1704.0;FALSE;
458;4785;tt0420260;Tony Takitani;Tonî Takitani;2004;0;105;4481.0;TRUE;
459;4787;tt0420555;How Much Do You Love Me?;;2005;0;95;6863.0;FALSE;
460;4797;tt0421729;Big Momma's House 2;;2006;0;99;;FALSE;
461;4808;tt0423166;White Nights;;2003;0;103;1125.0;TRUE;
462;4820;tt0424863;Thé Bớớk ớf Révélátiớn;The Book of Revelation;2006;0;118;1523.0;FALSE;
463;4825;tt0425210;Lucky Number Slevin;;2006;0;110;307322.0;TRUE;
464;4827;tt0425321;The Yacoubian Building;;2006;0;165;6312.0;TRUE;
465;4845;tt0427323;Thé Cháớs Cláss in thé Militáry;;2005;0;112;7108.0;FALSE;
466;4847;tt0427582;The Method;;2005;0;115;10936.0;TRUE;
467;4852;tt0428646;Hui Buh: Das Schlossgespenst;;2006;0;103;2842.0;FALSE;
468;4859;tt0430239;It Waits;It Waits;2005;0;88;;FALSE;
469;4862;tt0430576;The Secret Life of Words;;2005;0;115;12408.0;TRUE;
470;4900;tt0439714;Múmbái Éxpréss;;\N;2005;152;1116.0;FALSE;
471;4901;tt0439817;The Sun;;2005;0;110;2792.0;TRUE;
472;4916;tt0443584;Mélissá P.;Melissa P.;\N;2005;100;6463.0;FALSE;
473;4928;tt0445990;Invincible;Invincible;2006;0;105;68930.0;TRUE;
474;4936;tt0449159;15 Park Avenue;;2005;0;116;;TRUE;
475;4939;tt0449487;Passengers;Passengers;2008;0;93;36161.0;FALSE;
476;4949;tt0450426;Gallipoli;;2005;0;114;1930.0;TRUE;
477;4975;tt0455116;Seoul Raiders;;2005;0;95;1065.0;FALSE;
478;4985;tt0456047;Bizim Áilé;;1975;0;88;6463.0;TRUE;
479;4987;tt0457319;Dead Heist;Dead Heist;2007;0;80;1015.0;FALSE;
480;4989;tt0457430;Pan's Labyrinth;;2006;0;118;;TRUE;
481;4992;tt0458050;Paruthiveeran;;\N;2007;162;3491.0;TRUE;
482;5001;tt0460766;Deep Water;Deep Water;2006;0;93;3104.0;TRUE;
483;5006;tt0462160;Déád Tớné;;\N;2007;100;2940.0;FALSE;
484;5030;tt0466669;Almost Normal;;2005;0;90;1166.0;FALSE;
485;5039;tt0468569;The Dark Knight;The Dark Knight;\N;2008;152;2453191.0;TRUE;
486;5048;tt0469785;A Limousine the Colour of Midsummer's Eve;;1981;0;84;1200.0;TRUE;
487;5105;tt0479500;Nancy Drew;Nancy Drew;2007;0;99;;FALSE;
488;5123;tt0483703;So Close, So Far;;2005;0;121;2560.0;TRUE;
489;5124;tt0483719;The Living and the Dead;The Living and the Dead;2006;0;83;2355.0;FALSE;
490;5128;tt0485241;Don't Worry, I'm Fine;;2006;0;92;10531.0;TRUE;
491;5135;tt0486544;Albert Fish: In Sin He Found Salvation;;2007;0;86;1103.0;FALSE;
492;5162;tt0490196;Phat Girlz;Phat Girlz;2006;0;99;9005.0;FALSE;
493;5163;tt0490377;De brief voor de koning;De brief voor de koning;2008;0;110;1396.0;FALSE;
494;5174;tt0493171;I Love You in Every Language in the World;Ti amo in tutte le lingue del mondo;2005;0;99;1826.0;FALSE;
495;5208;tt0499291;Ah Nerede;Ah Nerede;1975;0;90;4300.0;TRUE;
496;5210;tt0499456;Dáys ớf Dárknéss;;2007;0;89;1482.0;FALSE;
497;5211;tt0499549;Avatar;;2009;0;162;1167269.0;TRUE;
498;5239;tt0768218;The Mysteries of Pittsburgh;;2008;0;95;3246.0;FALSE;
499;5250;tt0776804;Triple Dare;;\N;2006;92;1006.0;FALSE;
500;5284;tt0795463;Sénséléss;;2008;0;87;1069.0;FALSE;
501;5291;tt0800320;Clash of the Titans;Clash of the Titans;2010;0;106;277337.0;FALSE;
502;5309;tt0808331;Joshua;;\N;2007;106;12553.0;FALSE;
503;5362;tt0831887;The Spirit;The Spirit;2008;0;103;60696.0;FALSE;
504;5364;tt0833444;Dombivli Fast;;2005;0;108;1011.0;TRUE;
505;5365;tt0833476;Jhớớm Bárábár Jhớớm;;2007;0;138;3129.0;FALSE;
506;5378;tt0840361;The Town;;2010;0;125;371930.0;TRUE;
507;5401;tt0855822;Huddersfield;Hadersfild;\N;2007;95;2847.0;TRUE;
508;5402;tt0857191;The Visitor;The Visitor;2007;0;104;42648.0;TRUE;
509;5409;tt0862748;Rupan sansei;Rupan sansei;2014;0;133;1651.0;FALSE;
510;5422;tt0872224;Street Thief;;2006;0;84;2040.0;TRUE;
511;5430;tt0881891;Áll Ábớút Stévé;All About Steve;2009;0;99;41261.0;FALSE;
512;5432;tt0884214;Wreckage;Wreckage;\N;2010;87;;FALSE;
513;5435;tt0887719;Blonde Ambition;Blonde Ambition;2007;0;93;5879.0;FALSE;
514;5453;tt0897361;I Knớw Whớ Killéd Mé;;2007;0;106;29229.0;FALSE;
515;5456;tt0901476;Bride Wars;;2009;0;89;;FALSE;
516;5481;tt0920462;Lost Girls and Love Hotels;;2020;0;97;;FALSE;
517;5491;tt0929809;The Class;;2007;0;100;3728.0;FALSE;
518;5495;tt0933342;Polycarp;Polycarp;2007;0;85;1049.0;FALSE;
519;5503;tt0940651;Americans at the Black Sea;;2007;0;100;1379.0;FALSE;
520;5518;tt0960066;The Black Waters of Echo's Pond;;2009;0;89;1211.0;FALSE;
521;5520;tt0961066;Everlasting Moments;Maria Larssons eviga ögonblick;2008;0;131;5582.0;TRUE;
522;5530;tt0973783;Big B;Big B;2007;0;130;3101.0;TRUE;
523;5540;tt0978670;The Neighbor;The Neighbor;\N;2007;98;1170.0;FALSE;
524;5560;tt0989000;In Search of a Midnight Kiss;In Search of a Midnight Kiss;2007;0;90;8132.0;TRUE;
525;5561;tt0989760;Suspension;;2008;0;95;1327.0;FALSE;
526;5562;tt0990372;Detective Conan: The Phantom of Baker Street;Meitantei Conan: Bekâ Sutorîto no bôrei;2002;0;98;2876.0;TRUE;
527;5564;tt0990407;The Green Hornet;;2011;0;119;;FALSE;
528;5572;tt0995829;XXY;;\N;2007;86;14002.0;TRUE;
529;5574;tt0996605;Love Songs;Les chansons d'amour;2007;0;91;9485.0;TRUE;
530;5581;tt1001548;Cớntráct Killérs;;2008;0;86;1259.0;FALSE;
531;5591;tt10096842;False Positive;False Positive;2021;0;92;4308.0;FALSE;
532;5600;tt1014775;Beverly Hills Chihuahua;Beverly Hills Chihuahua;2008;0;91;23840.0;FALSE;
533;5604;tt1016164;Cớnféssiớns ớf á Súpérhérớ;Confessions of a Superhero;2007;0;92;2204.0;TRUE;
534;5626;tt10235600;Kaali Khuhi;Kaali Khuhi;2020;0;90;1164.0;FALSE;
535;5630;tt1025100;Gemini Man;Gemini Man;2019;0;117;;FALSE;
536;5631;tt10253466;Badland;Badland;2019;0;117;2566.0;FALSE;
537;5649;tt10319486;Budapest Heist;Pesti balhé;2020;0;104;4938.0;FALSE;
538;5650;tt10322274;Schumacher;Schumacher;2021;0;112;18512.0;TRUE;
539;5651;tt10327252;Thé Fớrévér Púrgé;;2021;0;103;24102.0;FALSE;
540;5652;tt1032755;RocknRolla;RocknRolla;2008;0;114;244977.0;TRUE;
541;5657;tt10333426;Bliss;;\N;2021;103;;FALSE;
542;5669;tt1035498;Tán Linés;;2005;0;96;1101.0;FALSE;
543;5694;tt1049400;Outrage;;2009;0;90;;TRUE;
544;5726;tt10627352;Delete History;Effacer l'historique;2020;0;110;1563.0;FALSE;
545;5728;tt10635042;Sailor Moon Eternal;;2021;0;160;1088.0;TRUE;
546;5731;tt1064932;Welcome to the Sticks;;2008;0;106;40985.0;TRUE;
547;5733;tt1065329;Natale in crociera;;2007;0;105;1086.0;FALSE;
548;5754;tt1075113;Don't Look Back;Ne te retourne pas;2009;0;111;6724.0;FALSE;
549;5756;tt10756134;The Ghost in the Darkness;;2019;0;65;2250.0;FALSE;
550;5769;tt1082599;Stag Night;Stag Night;2008;0;84;3294.0;FALSE;
551;5774;tt10845262;Miracle in Cell No. 7;Miracle in Cell No. 7;2019;0;120;;TRUE;
552;5781;tt1087832;Kod apokalipsisa;;2007;0;106;1309.0;FALSE;
553;5804;tt1094275;Under the Bombs;;2007;0;98;1609.0;TRUE;
554;5810;tt10954652;Old;Old;2021;0;108;;FALSE;
555;5822;tt11012066;Home Sweet Home Alone;;2021;0;93;11308.0;FALSE;
556;5832;tt1105709;8 x 10 Tasveer;8 x 10 Tasveer;2009;0;122;5668.0;FALSE;
557;5834;tt1105747;Yuvvraaj;;2008;0;151;4291.0;FALSE;
558;5849;tt1114677;Hánnáh Mớntáná: Thé Mớvié;Hannah Montana: The Movie;2009;0;102;41485.0;FALSE;
559;5863;tt11213600;Sardar Ka Grandson;;2021;0;139;4364.0;FALSE;
560;5882;tt11290556;The Way I See It;;2020;0;100;1663.0;TRUE;
561;5883;tt1129381;Lớwér Léárning;Lower Learning;2008;0;97;2688.0;FALSE;
562;5885;tt1129435;The Beaches of Agnès;;2008;0;112;3918.0;TRUE;
563;5888;tt11307724;John and the Hole;John and the Hole;2021;0;103;;FALSE;
564;5893;tt1130988;JCVD;JCVD;2008;0;97;38528.0;TRUE;
565;5935;tt11402172;Kirk Yalan;;2019;0;97;1383.0;FALSE;
566;5947;tt1148261;Bleach the Movie 2: The Diamond Dust Rebellion;Gekijô ban Bleach: The DiamondDust Rebellion - Mô hitotsu no hyôrinmaru;2007;0;92;2907.0;TRUE;
567;5949;tt1149361;Micmacs;Micmacs à tire-larigot;2009;0;105;29834.0;TRUE;
568;5953;tt1150946;Krishnarjuna;;2008;0;134;1594.0;FALSE;
569;5962;tt11527964;Bayi Toplantisi;Bayi Toplantisi;2020;0;114;3526.0;FALSE;
570;5976;tt11580854;Sárpáttá Párámbárái;Sarpatta Parambarai;2021;0;173;18840.0;TRUE;
571;5991;tt11618350;Nemesis;;2021;0;88;1049.0;FALSE;
572;6004;tt1170358;Thé Hớbbit: Thé Désớlátiớn ớf Smáúg;;2013;0;161;627985.0;TRUE;
573;6016;tt11742798;Afterlife of the Party;Afterlife of the Party;2021;0;109;;FALSE;
574;6020;tt1176252;Hunger;Hunger;2009;0;101;5101.0;FALSE;
575;6028;tt11790780;The Alpinist;The Alpinist;2021;0;92;1777.0;TRUE;
576;6033;tt1179947;American: The Bill Hicks Story;;2009;0;102;4873.0;TRUE;
577;6039;tt1185264;Freakdog;;2008;0;82;2837.0;FALSE;
578;6063;tt1194236;Paathshaala;Get Educated: Paathshaala;2010;0;122;1734.0;FALSE;
579;6072;tt1196334;After Last Season;;2009;0;93;8141.0;FALSE;
580;6074;tt1198075;Cớúgárs Inc.;;2011;0;79;4061.0;FALSE;
581;6089;tt1206881;The Bleeding;The Bleeding;2009;0;80;1065.0;FALSE;
582;6090;tt12091980;Thinkalazhcha Nishchayam;Thinkalazhcha Nishchayam;2021;0;109;1202.0;TRUE;
583;6105;tt1220213;Grace;Grace;2009;0;85;7937.0;FALSE;
584;6128;tt1232831;Crows Zero II;;\N;2009;133;4827.0;TRUE;
585;6143;tt1238304;Táblé fớr Thréé;;2009;0;93;3097.0;FALSE;
586;6148;tt12408808;Clairevoyant;Clairevoyant;2021;0;90;;TRUE;
587;6150;tt1241195;Aamir;Aamir;2008;0;99;;TRUE;
588;6156;tt1242522;Oscar and the Lady in Pink;Oscar et la dame rose;\N;2009;105;1512.0;TRUE;
589;6161;tt1244754;Conviction;;2010;0;107;43757.0;TRUE;
590;6172;tt12546872;This Little Love of Mine;This Little Love of Mine;2021;0;91;2069.0;FALSE;
591;6173;tt1254696;Splinterheads;Splinterheads;2009;0;94;1495.0;FALSE;
592;6178;tt1259570;Neon Flesh Extra;Carne de neón;2010;0;98;1718.0;FALSE;
593;6187;tt1263679;Firaaq;Firaaq;2008;0;101;2221.0;TRUE;
594;6194;tt1266036;Válléy Girl;;\N;2020;102;3361.0;FALSE;
595;6209;tt1275590;Dé l'áútré côté dú lit;;2008;0;93;2604.0;FALSE;
596;6223;tt1281374;Don McKay;;\N;2009;87;2388.0;FALSE;
597;6230;tt1285130;Pandora's Box;Pandora'nin kutusu;2008;0;112;2423.0;TRUE;
598;6232;tt1285241;Don 2;Don 2;2011;0;148;51602.0;TRUE;
599;6247;tt1289437;The Steam Experiment;;2009;0;90;2713.0;FALSE;
600;6264;tt12969078;Atkan Chatkan;Atkan Chatkan;2020;0;126;4068.0;TRUE;
601;6266;tt1301990;Every Day;;2010;0;93;3459.0;FALSE;
602;6280;tt1307989;Never Surrender;Never Surrender;2009;0;87;1877.0;FALSE;
603;6284;tt13102440;Play Back;Play Back;2021;0;138;1272.0;TRUE;
604;6288;tt13131186;Enemy;Enemy;2021;0;159;3194.0;TRUE;
605;6297;tt1318514;Rise of the Planet of the Apes;;\N;2011;105;511818.0;TRUE;
606;6300;tt1320254;Presumed Guilty;;2008;0;87;1365.0;TRUE;
607;6313;tt1326972;Réd Cliff II;Chi bi: Jue zhan tian xia;2009;0;142;23821.0;TRUE;
608;6321;tt13310936;Thimmarusu: Assignment Vali;;2021;0;127;1315.0;TRUE;
609;6347;tt1343092;The Great Gatsby;The Great Gatsby;2013;0;143;510542.0;TRUE;
610;6348;tt1343703;Fortress of War;Brestskaya krepost;\N;2010;138;9596.0;TRUE;
611;6351;tt13446424;Christmas Crossfire;;2020;0;105;1237.0;FALSE;
612;6363;tt1351672;The Man Who Will Come;;2009;0;115;1663.0;TRUE;
613;6367;tt13544716;My Hero Academia: World Heroes' Mission;;2021;0;104;1579.0;TRUE;
614;6373;tt13617604;Wớrld Cúp Héist;;2020;0;80;1156.0;FALSE;
615;6395;tt13722764;Dớwnfálls High;;\N;2021;46;1363.0;TRUE;
616;6405;tt1381413;Pete Smalls Is Dead;;2010;0;95;1241.0;FALSE;
617;6415;tt1390539;The Lost Medallion: The Adventures of Billy Stone;The Lost Medallion: The Adventures of Billy Stone;2013;0;97;1753.0;FALSE;
618;6421;tt1392197;Marmaduke;Marmaduke;2010;0;99;15166.0;FALSE;
619;6439;tt14039582;Drive My Car;Doraibu mai kâ;2021;0;179;2323.0;TRUE;
620;6441;tt1403988;The Romantics;The Romantics;2010;0;95;12083.0;FALSE;
621;6459;tt1417299;Únnáipớl Ớrúván;;2009;0;106;5624.0;TRUE;
622;6476;tt1428556;A Woman, a Gun and a Noodle Shop;San qiang pai an jing qi;2009;0;95;3177.0;FALSE;
623;6495;tt1438173;Báit;;2012;0;93;17344.0;FALSE;
624;6498;tt1438461;The Founding of a Republic;;2009;0;138;3558.0;FALSE;
625;6502;tt14418234;State of Siege: Temple Attack;State of Siege: Temple Attack;2021;0;110;8466.0;TRUE;
626;6505;tt14430410;Shukra;Shukra;\N;2021;119;1520.0;TRUE;
627;6507;tt1447793;My Girlfriend's Boyfriend;My Girlfriend's Boyfriend;2010;0;84;5809.0;FALSE;
628;6513;tt1453245;Dévil's Pláygrớúnd;;2010;0;92;4962.0;FALSE;
629;6517;tt1454545;Mớré Thán Blúé;;2009;0;105;2500.0;TRUE;
630;6527;tt1464535;Cold Prey III;Fritt vilt III;2010;0;95;4079.0;FALSE;
631;6532;tt1470023;MacGruber;;2010;0;90;44019.0;FALSE;
632;6537;tt1475400;To Hell with the Ugly;;2010;0;104;1738.0;FALSE;
633;6547;tt1483820;Aadhavan;;2009;0;159;3201.0;FALSE;
634;6567;tt1493157;Nature Calls;;2012;0;79;2340.0;FALSE;
635;6571;tt15010478;9/11: Insidé thé Présidént's Wár Rớớm;;2021;0;90;2422.0;TRUE;
636;6594;tt1515091;Sherlock Holmes: A Game of Shadows;Sherlock Holmes: A Game of Shadows;2011;0;129;437947.0;TRUE;
637;6636;tt1540005;Cloned: The Recreator Chronicles;CLONED: The Recreator Chronicles;2012;0;90;1617.0;FALSE;
638;6639;tt1541123;Astronaut: The Last Push;;2012;0;85;1721.0;FALSE;
639;6650;tt1549589;Éllés;;2011;0;99;6890.0;FALSE;
640;6655;tt1556190;Nostalgia for the Light;Nostalgia de la luz;2010;0;90;5394.0;TRUE;
641;6660;tt1560957;I Want Your Money;I Want Your Money;2010;0;92;1301.0;FALSE;
642;6675;tt1568150;Jớán Rivérs: Á Piécé ớf Wớrk;Joan Rivers: A Piece of Work;2010;0;84;3685.0;TRUE;
643;6685;tt1570619;Where? Wolf?;;\N;2010;98;4829.0;FALSE;
644;6689;tt1572311;Tees Maar Khan;;\N;2010;135;12446.0;FALSE;
645;6696;tt1579232;Freerunner;;\N;2011;87;5212.0;FALSE;
646;6702;tt1583323;Steam of Life;Miesten vuoro;2010;0;81;2509.0;TRUE;
647;6706;tt1584941;Vicky and the Treasure of the Gods;;2011;0;96;1305.0;FALSE;
648;6728;tt1601792;Áá Nálúgúrú;;2004;0;141;3062.0;TRUE;
649;6729;tt1601798;Allare Allari;Allare Allari;2007;0;\N;1233.0;FALSE;
650;6737;tt1603362;Prasthanam;Prasthanam;2010;0;153;;TRUE;
651;6743;tt1608776;Kurt Josef Wagle og legenden om Fjordheksa;;2010;0;82;1135.0;FALSE;
652;6753;tt1613092;Háppy;;2012;0;76;;TRUE;
653;6756;tt1616543;Not the Messiah: He's a Very Naughty Boy;;2010;0;92;1274.0;TRUE;
654;6760;tt1617661;Jupiter Ascending;Jupiter Ascending;2015;0;127;184723.0;FALSE;
655;6772;tt1623777;Honest Man: The Life of R. Budd Dwyer;;2010;0;76;1348.0;TRUE;
656;6778;tt1630564;Sacrifice;Sacrifice;2011;0;100;2515.0;FALSE;
657;6785;tt1640202;Çok Filim Hareketler Bunlar;;2010;0;134;4699.0;FALSE;
658;6798;tt1649444;[REC] 3: Genesis;;2012;0;80;34648.0;FALSE;
659;6803;tt1650453;I Wish;;2011;0;128;6755.0;TRUE;
660;6826;tt1663222;Dead Sea;;\N;2014;90;1834.0;FALSE;
661;6828;tt1663673;16-Love;;2012;0;88;1619.0;FALSE;
662;6871;tt1695800;Pranchiyettan and the Saint;;2010;0;140;5380.0;TRUE;
663;6881;tt1705120;Love.net;Love.net;2011;0;109;3727.0;TRUE;
664;6884;tt1705952;Tárzán;;2013;0;94;12425.0;FALSE;
665;6889;tt1708532;Ready;;2011;0;145;17831.0;FALSE;
666;6891;tt1710417;Lola Versus;Lola Versus;2012;0;87;8656.0;FALSE;
667;6897;tt1714203;Piranha 3DD;;2012;0;83;41634.0;FALSE;
668;6921;tt1727516;Livid;Livide;2011;0;92;6769.0;FALSE;
669;6925;tt1728620;Remembrance;;2011;0;105;2150.0;TRUE;
670;6939;tt1740725;Bigfoot: The Lost Coast Tapes;;2012;0;90;2569.0;FALSE;
671;6940;tt1741243;Pawn Shop Chronicles;;2013;0;112;11182.0;FALSE;
672;6976;tt1781775;Beneath the Darkness;Beneath the Darkness;2011;0;96;5991.0;FALSE;
673;7045;tt1828289;Shagird;Shagird;2011;0;143;2035.0;TRUE;
674;7058;tt1839482;Free Ride;;2013;0;86;2255.0;FALSE;
675;7063;tt1841642;Demonic;;2015;0;83;14748.0;FALSE;
676;7066;tt1843866;Captain America: The Winter Soldier;Captain America: The Winter Soldier;2014;0;136;;TRUE;
677;7072;tt1853563;Fớớ Fightérs: Báck ánd Fớrth;;2011;0;101;6145.0;TRUE;
678;7077;tt1855199;End of Watch;;2012;0;109;238280.0;TRUE;
679;7078;tt1855236;Just Like a Woman;;2012;0;87;2792.0;FALSE;
680;7081;tt1857670;Deiva Thirumagal;;2011;0;166;5461.0;TRUE;
681;7083;tt1857913;The Sorcerer and the White Snake;Bai she chuan shuo;\N;2011;100;8413.0;FALSE;
682;7094;tt1865505;Song of the Sea;Song of the Sea;2014;0;93;;TRUE;
683;7111;tt1884457;The Package;The Package;2012;0;95;4128.0;FALSE;
684;7130;tt1911662;Véhiclé 19;;2013;0;85;15096.0;FALSE;
685;7132;tt1919174;Time of My Life;;2012;0;121;1291.0;TRUE;
686;7135;tt1922612;Glee: The 3D Concert Movie;;2011;0;84;5812.0;FALSE;
687;7139;tt1925435;Frankenstein's Army;Frankenstein's Army;2013;0;84;8458.0;FALSE;
688;7148;tt1931551;The 25th Reich;;2012;0;85;;FALSE;
689;7152;tt1935065;Nớt Súitáblé fớr Childrén;;2012;0;97;5071.0;FALSE;
690;7153;tt1935089;Blind;;2016;0;98;;FALSE;
691;7167;tt1946310;Crázy Kind ớf Lớvé;Crazy Kind of Love;2013;0;100;1969.0;FALSE;
692;7172;tt1950186;Fớrd v Férrári;;2019;0;152;345194.0;TRUE;
693;7177;tt1957886;Delivery: The Beast Within;Delivery;2013;0;87;1344.0;FALSE;
694;7181;tt1964624;In thé Hớúsé;;2012;0;105;31487.0;TRUE;
695;7190;tt1979283;Nisos 2: To kynigi tou hamenou thisavrou;Nisos 2: To kynigi tou hamenou thisavrou;2011;0;109;1738.0;FALSE;
696;7195;tt1982882;True Bloodthirst;True Bloodthirst;\N;2012;90;1637.0;FALSE;
697;7200;tt1988774;Salt n' Pepper;;2011;0;118;1925.0;TRUE;
698;7209;tt1999167;Naruto Shippuden the Movie: Blood Prison;;2011;0;108;4801.0;TRUE;
699;7221;tt2011971;Mớnsiéúr Lázhár;Monsieur Lazhar;2011;0;95;19996.0;TRUE;
700;7223;tt2014319;Plan 9;;2015;0;103;;FALSE;
701;7227;tt2024544;12 Years a Slave;12 Years a Slave;2013;0;134;670939.0;TRUE;
702;7238;tt2043865;Get Married If You Can;;2014;0;107;1812.0;FALSE;
703;7240;tt2043971;Real Playing Game;Real Playing Game;2013;0;103;1055.0;FALSE;
704;7252;tt2060525;Manborg;;2011;0;70;2633.0;FALSE;
705;7259;tt2063013;The Assassins;;\N;2012;107;1986.0;FALSE;
706;7263;tt2066051;Rocketman;;2019;0;121;162193.0;TRUE;
707;7276;tt2077886;The Phantom of the Opera at the Royal Albert Hall;The Phantom of the Opera at the Royal Albert Hall;2011;0;137;8829.0;TRUE;
708;7280;tt2080374;Steve Jobs;Steve Jobs;2015;0;122;163921.0;TRUE;
709;7286;tt2082262;Ớncé Úpớn á Timé in Phúkét;;\N;2011;105;3961.0;FALSE;
710;7297;tt2091478;Air;Air;2015;0;95;12068.0;FALSE;
711;7300;tt2098627;Attack of the 50 Foot Cheerleader;;2012;0;83;1372.0;FALSE;
712;7302;tt2103254;Tammy;;2014;0;97;50489.0;FALSE;
713;7320;tt2118775;Spéciál ID;Te shu shen fen;2013;0;99;4154.0;FALSE;
714;7329;tt2125501;Éléctric Bớớgálớớ: Thé Wild, Úntớld Stớry ớf Cánnớn Films;;2014;0;106;5447.0;TRUE;
715;7330;tt2125653;The House I Live In;The House I Live In;2012;0;108;5284.0;TRUE;
716;7334;tt2126403;The Stone Roses: Made of Stone;;2013;0;97;;TRUE;
717;7337;tt2142797;Thé Kirishimá Thing;Kirishima, bukatsu yamerutteyo;2012;0;103;2189.0;TRUE;
718;7350;tt2168000;Gone with the Bullets;Yi bu zhi yao;\N;2014;140;1513.0;FALSE;
719;7362;tt2177843;We Are Legion: The Story of the Hacktivists;;2012;0;93;10213.0;TRUE;
720;7380;tt2184287;Summer in February;Summer in February;2013;0;100;4059.0;FALSE;
721;7382;tt2187115;Child's Pose;;2013;0;112;8288.0;TRUE;
722;7402;tt2205401;Addicted;Addicted;2014;0;106;10531.0;FALSE;
723;7404;tt2207484;Muck;Muck;2015;0;90;2656.0;FALSE;
724;7405;tt2208568;Montana;;\N;2014;108;1477.0;FALSE;
725;7418;tt2215366;From Beneath;From Beneath;2012;0;82;1924.0;FALSE;
726;7427;tt2226321;Dark;Dark;2015;0;93;2579.0;FALSE;
727;7438;tt2238032;Skiptrace;;2016;0;107;;FALSE;
728;7441;tt2240312;Hold Your Breath;Hold Your Breath;2012;0;87;1949.0;FALSE;
729;7446;tt2243361;High Risé Lifé - Thé Mớvié;Kvarteret Skatan reser till Laholm;2012;0;84;1063.0;FALSE;
730;7485;tt2292955;The Billionaire;;2011;0;131;1936.0;TRUE;
731;7526;tt2325539;Bagavathi;Bagavathi;2002;0;157;1389.0;FALSE;
732;7528;tt2327239;Cámérámán Gángáthớ Rámbábú;Cameraman Gangatho Rambabu;2012;0;148;2812.0;FALSE;
733;7529;tt2328549;Dark Touch;;\N;2013;90;;FALSE;
734;7539;tt2338454;Unicorn Store;;2017;0;92;18789.0;FALSE;
735;7540;tt2339741;The Woman in Black 2: Angel of Death;The Woman in Black 2: Angel of Death;2014;0;98;27637.0;FALSE;
736;7545;tt2351177;Bhooter Bhabishyat;;2012;0;123;3700.0;TRUE;
737;7554;tt2359024;Blue Ruin;Blue Ruin;2013;0;90;71384.0;TRUE;
738;7560;tt2364774;Kill or Be Killed;Kill or Be Killed;2015;0;103;1054.0;FALSE;
739;7561;tt2364841;Runner Runner;Runner Runner;2013;0;88;62406.0;FALSE;
740;7569;tt2369154;R... Rajkumar;R... Rajkumar;2013;0;146;5796.0;FALSE;
741;7582;tt2376134;Tamla Rose;Tamla Rose;2013;0;112;2175.0;TRUE;
742;7635;tt2417560;Filmistaan;Filmistaan;2012;0;117;3464.0;TRUE;
743;7644;tt2436046;Antboy;;2013;0;77;2103.0;FALSE;
744;7654;tt2450334;No Clue;;2013;0;96;1199.0;FALSE;
745;7657;tt2460426;Párk Ávénúé: Mớnéy, Pớwér ánd thé Áméricán Dréám;Park Avenue: Money, Power and the American Dream;2012;0;70;1332.0;TRUE;
746;7662;tt2466684;Heavenly Shift;Isteni müszak;\N;2013;100;2501.0;TRUE;
747;7686;tt2507280;Mr. Jones;Mr. Jones;2013;0;84;4167.0;FALSE;
748;7699;tt2536124;I Survived a Zombie Holocaust;;2014;0;104;1175.0;FALSE;
749;7703;tt2543702;By thé Gún;By the Gun;2014;0;110;2806.0;FALSE;
750;7718;tt2567712;Stárréd Úp;;\N;2013;106;45245.0;TRUE;
751;7725;tt2577990;Valentine Road;Valentine Road;2013;0;89;1728.0;TRUE;
752;7730;tt2582782;Héll ớr High Wátér;Hell or High Water;\N;2016;102;217243.0;TRUE;
753;7736;tt2597126;Bojhena Shey Bojhena;;2012;0;145;2206.0;TRUE;
754;7742;tt2610768;Celal and Ceren;;\N;2013;114;42142.0;FALSE;
755;7746;tt2620736;Jug Face;Jug Face;2013;0;81;7114.0;FALSE;
756;7763;tt2669766;Frau Ella;;2013;0;105;1448.0;FALSE;
757;7781;tt2717168;Celluloid;Celluloid;2013;0;129;1426.0;TRUE;
758;7789;tt2726560;The Longest Ride;;\N;2015;123;80330.0;TRUE;
759;7804;tt2781516;Wolfcop;WolfCop;2014;0;79;6826.0;FALSE;
760;7826;tt2846134;Gunde Jaari Gallanthayyinde;;2013;0;150;1591.0;TRUE;
761;7835;tt2865822;All the World in a Design School;;2015;0;59;1297.0;TRUE;
762;7840;tt2876428;Good Day, Ramon;Guten Tag, Ramón;2013;0;120;2864.0;TRUE;
763;7848;tt2893490;Manglehorn;Manglehorn;2014;0;97;7530.0;FALSE;
764;7854;tt2905082;Alex & The List;;2017;0;112;1227.0;FALSE;
765;7861;tt2918606;The Hollow Point;The Hollow Point;\N;2016;97;5655.0;FALSE;
766;7864;tt2923316;American Heist;;2014;0;94;16794.0;FALSE;
767;7892;tt2976182;Roy;Roy;2015;0;146;;FALSE;
768;7893;tt2978426;Sex, Love & Therapy;;2014;0;88;2126.0;FALSE;
769;7907;tt3013528;The Harry Hill Movie;;2013;0;88;;FALSE;
770;7914;tt3033080;Extinction;Extinction;2014;0;103;;FALSE;
771;7923;tt3040964;The Jungle Book;The Jungle Book;2016;0;106;;TRUE;
772;7931;tt3059656;No One's Child;;2014;0;95;1570.0;TRUE;
773;7935;tt3063470;Nintendo Quest;Nintendo Quest;2015;0;91;1007.0;FALSE;
774;7942;tt3089630;Artemis Fowl;;2020;0;95;26439.0;FALSE;
775;7962;tt3124456;Memories;;2013;0;132;6860.0;TRUE;
776;7983;tt3155604;The Geographer Drank His Globe Away;;2013;0;120;5074.0;TRUE;
777;7986;tt3168808;A Murder in the Park;A Murder in the Park;2014;0;91;1197.0;TRUE;
778;7987;tt3169706;Pride;Pride;2014;0;119;54765.0;TRUE;
779;8009;tt3212232;I Am Wrath;;2016;0;92;14473.0;FALSE;
780;8024;tt3249124;Hitchhiker Massacre;;2017;0;82;1587.0;FALSE;
781;8026;tt3254796;Big Stone Gap;;2014;0;103;2961.0;FALSE;
782;8037;tt3272570;All Things Must Pass;All Things Must Pass: The Rise and Fall of Tower Records;2015;0;94;3160.0;TRUE;
783;8056;tt3313066;Coriolanus;National Theatre Live: Coriolanus;2014;0;192;2036.0;TRUE;
784;8068;tt3335048;Silent Heart;;\N;2014;97;1754.0;TRUE;
785;8079;tt3380264;Kill Dil;;2014;0;127;4043.0;FALSE;
786;8080;tt3382148;Yaariyan;;2014;0;145;3298.0;FALSE;
787;8110;tt3439114;Disaster L.A.;Apocalypse L.A.;2014;0;82;1554.0;FALSE;
788;8120;tt3462710;Unforgettable;Unforgettable;2017;0;100;15087.0;FALSE;
789;8123;tt3474602;Little Forest: Winter/Spring;Little Forest: Winter/Spring;2015;0;120;2190.0;TRUE;
790;8124;tt3474788;The Gift;An Bronntanas;2014;0;113;1114.0;TRUE;
791;8126;tt3477554;Thé Snớw Qúéén 2;;2014;0;81;2324.0;FALSE;
792;8127;tt3478232;Mythica: The Darkspore;;\N;2015;107;5660.0;FALSE;
793;8143;tt3498820;Captain America: Civil War;;2016;0;147;721536.0;TRUE;
794;8145;tt3499424;Hercules Reborn;;2014;0;95;;FALSE;
795;8151;tt3505712;Time Out of Mind;Time Out of Mind;2014;0;120;4168.0;FALSE;
796;8187;tt3560148;Fear, Inc.;;2016;0;90;4980.0;FALSE;
797;8201;tt3576084;Zero Motivation;;2014;0;97;4259.0;TRUE;
798;8207;tt3592030;Mystery: Born to Rock;;2014;0;85;1656.0;FALSE;
799;8213;tt3608646;Mythica: The Necromancer;Mythica: The Necromancer;2015;0;93;2906.0;FALSE;
800;8216;tt3612126;The Grudge;The Grudge;2020;0;94;23677.0;FALSE;
801;8217;tt3618822;The Big Fat Stone;The Big Fat Stone;2014;0;111;8526.0;FALSE;
802;8219;tt3620418;Bớy 7;Boy 7;2015;0;90;2280.0;FALSE;
803;8224;tt3626742;Ớchớ ápéllidớs cátálánés;Ocho apellidos catalanes;2015;0;99;7071.0;FALSE;
804;8229;tt3646944;Attack on Titan: Crimson Bow and Arrow;;2014;0;119;1949.0;TRUE;
805;8233;tt3662066;One More Time;One More Time;\N;2015;98;2820.0;FALSE;
806;8244;tt3681440;Yáámirúkká Báyáméy;;2014;0;125;1001.0;TRUE;
807;8257;tt3700454;Áll Inclúsivé;;2014;0;90;1051.0;FALSE;
808;8273;tt3727690;Zero Tolerance;;2015;0;89;;FALSE;
809;8280;tt3734580;Ghoomketu;;\N;2020;108;4691.0;FALSE;
810;8287;tt3745906;The Hive;;2014;0;93;2044.0;FALSE;
811;8289;tt3746920;Hayat Sana Güzel;Hayat Sana Güzel;2014;0;\N;1074.0;FALSE;
812;8308;tt3808342;Son of Saul;Saul fia;2015;0;107;47495.0;TRUE;
813;8318;tt3819668;"Drágớn Báll Z: Résúrréctiớn ""F""";Dragon Ball Z: Doragon bôru Z - Fukkatsu no 'F';2015;0;93;21658.0;TRUE;
814;8325;tt3829266;The Predator;The Predator;2018;0;107;124122.0;FALSE;
815;8336;tt3856408;Making Waves: The Art of Cinematic Sound;;2019;0;94;1622.0;TRUE;
816;8340;tt3863552;Bájrángi Bháijáán;Bajrangi Bhaijaan;2015;0;163;82341.0;TRUE;
817;8343;tt3881026;Rendel: Dark Vengeance;;2017;0;105;2059.0;FALSE;
818;8357;tt3904272;Bizarre;Bizarre;2015;0;98;1112.0;FALSE;
819;8374;tt3963816;Marauders;Marauders;\N;2016;107;21672.0;FALSE;
820;8377;tt3970482;Roger Waters: The Wall;;2014;0;132;4968.0;TRUE;
821;8386;tt3993732;III: The Ritual;III;2015;0;80;1780.0;FALSE;
822;8390;tt4008566;La influencia;La influencia;2019;0;99;3526.0;FALSE;
823;8392;tt4008758;Black;Black;2015;0;95;4152.0;TRUE;
824;8409;tt4054654;Dog Eat Dog;;2016;0;93;8562.0;FALSE;
825;8413;tt4060866;Code of Honor;;2016;0;106;2515.0;FALSE;
826;8416;tt4062524;Sábit Káncá 2;;2014;0;94;1173.0;FALSE;
827;8425;tt4075322;Savva. Serdtse voina;Savva. Serdtse voina;2015;0;85;1013.0;FALSE;
828;8434;tt4085696;Billy Élliớt;Billy Elliot: The Musical Live;2014;0;169;1658.0;TRUE;
829;8441;tt4110972;Véllimớớngá;;2014;0;129;2087.0;TRUE;
830;8444;tt4123650;Alterscape;;2018;0;90;1772.0;FALSE;
831;8445;tt4125300;The Murder Case of Hana & Alice;Hana to Arisu satsujin jiken;2015;0;100;1825.0;TRUE;
832;8447;tt4126394;Darling;;2015;0;78;3016.0;FALSE;
833;8450;tt4129870;White Girl;White Girl;2016;0;88;10484.0;FALSE;
834;8480;tt4189494;Ordinary World;Ordinary World;2016;0;86;3013.0;FALSE;
835;8481;tt4190530;Anthropoid;;2016;0;120;;TRUE;
836;8484;tt4192740;Limonata;Limonata;2015;0;110;13390.0;TRUE;
837;8485;tt4193072;Hớw tớ Búild á Girl;How to Build a Girl;2019;0;102;3846.0;FALSE;
838;8501;tt4255110;Contracted: Phase II;;2015;0;78;4643.0;FALSE;
839;8503;tt4255626;I Kissed a Girl;;\N;2015;98;;FALSE;
840;8504;tt4258292;Yennai Arindhaal;;2015;0;168;9045.0;TRUE;
841;8513;tt4284010;What Happened, Miss Simone?;What Happened, Miss Simone?;2015;0;101;13425.0;TRUE;
842;8522;tt4303202;Áméricán Wréstlér: Thé Wizárd;;2016;0;117;2314.0;TRUE;
843;8530;tt4323504;Jazbaa;Jazbaa;2015;0;119;3461.0;FALSE;
844;8550;tt4365566;Ghost House;Ghost House;2017;0;100;4313.0;FALSE;
845;8565;tt4419196;Mathilde;;2017;0;130;2142.0;FALSE;
846;8575;tt4433646;Terra Formars;;2016;0;108;2758.0;FALSE;
847;8582;tt4444798;Desolation;;2016;0;90;2183.0;FALSE;
848;8614;tt4536768;The Osiris Child;;2016;0;99;8170.0;FALSE;
849;8617;tt4555426;Darkest Hour;;\N;2017;125;188692.0;TRUE;
850;8638;tt4616250;The Perfect Weapon;The Perfect Weapon;2016;0;87;1930.0;FALSE;
851;8640;tt4621872;Like Crazy;;\N;2016;116;9298.0;TRUE;
852;8647;tt4642192;The Keeper;Trautmann;2018;0;120;4759.0;TRUE;
853;8660;tt4685428;1 Buck;;2017;0;90;;FALSE;
854;8685;tt4741708;Á Kid;;2016;0;98;1584.0;TRUE;
855;8748;tt4920274;Régúlár Shớw: Thé Mớvié;Regular Show: The Movie;2015;0;69;3979.0;TRUE;
856;8756;tt4940336;Risen;;2021;0;109;1703.0;FALSE;
857;8757;tt4943218;The Worthy;;2016;0;99;1893.0;FALSE;
858;8759;tt4949290;Cartels;Cartels;2017;0;95;1773.0;FALSE;
859;8769;tt4979082;Jai Gangaajal;;2016;0;149;2509.0;FALSE;
860;8786;tt5037912;Maya;Maya;2015;0;141;1559.0;TRUE;
861;8791;tt5050200;Beyond Valkyrie: Dawn of the 4th Reich;;2016;0;100;1088.0;FALSE;
862;8796;tt5061360;Promise at Dawn;;2017;0;131;2834.0;TRUE;
863;8805;tt5084198;Kizumonogatari Part 3: Reiketsu;Kizumonogatari III: Reiketsu-hen;2017;0;83;2334.0;TRUE;
864;8820;tt5116410;Tower;;2016;0;82;7772.0;TRUE;
865;8824;tt5125414;Amazon Obhijaan;;\N;2017;140;1289.0;FALSE;
866;8829;tt5129818;Under the Sun;;2015;0;106;4556.0;TRUE;
867;8835;tt5159414;Escape Room;;2017;0;81;11703.0;FALSE;
868;8845;tt5173166;Vier gegen die Bank;;2016;0;96;2985.0;FALSE;
869;8871;tt5254868;Thé Thinning;The Thinning;2016;0;81;9559.0;FALSE;
870;8879;tt5267472;Step Sisters;;2018;0;108;;FALSE;
871;8885;tt5275892;O.J.: Made in America;;2016;0;467;18947.0;TRUE;
872;8886;tt5277030;Crazy About You;;2019;0;101;1831.0;FALSE;
873;8888;tt5278466;Jim: The James Foley Story;Jim: The James Foley Story;2016;0;111;1547.0;TRUE;
874;8893;tt5289520;6.9 on the Richter Scale;6.9 pe scara Richter;2016;0;117;1232.0;TRUE;
875;8894;tt5290620;Kyaa Kool Hain Hum 3;;2016;0;124;4294.0;FALSE;
876;8896;tt5294198;Catfight;;2016;0;95;6024.0;FALSE;
877;8911;tt5344054;Áméricán Night;;2021;0;123;2506.0;FALSE;
878;8917;tt5376232;Jacob's Kingdom of Heaven;Jacobinte Swargarajyam;\N;2016;145;2474.0;TRUE;
879;8924;tt5431016;Os Dez Mandamentos - O Filme;Os Dez Mandamentos: O Filme;\N;2016;120;1131.0;FALSE;
880;8928;tt5445074;Pass Thru;;2016;0;90;1706.0;FALSE;
881;8934;tt5458566;Small Town Killers;Dræberne fra Nibe;2017;0;90;2416.0;FALSE;
882;8935;tt5460276;Kaabil;Kaabil;2017;0;139;25907.0;TRUE;
883;8967;tt5532370;Two Pigeons;Two Pigeons;2017;0;80;1130.0;FALSE;
884;8973;tt5542802;Raabta;;2017;0;147;7489.0;FALSE;
885;8975;tt5548032;Oppam;Oppam;2016;0;143;3734.0;TRUE;
886;8981;tt5565670;Ardaas;Ardaas;2016;0;135;1458.0;TRUE;
887;8990;tt5588850;Chris Brown: Welcome To My Life;;2017;0;80;1067.0;FALSE;
888;9001;tt5608972;Bir Bábá Hindú;;2016;0;112;2454.0;FALSE;
889;9008;tt5638474;Wajah Tum Ho;Wajah Tum Ho;2016;0;136;1215.0;FALSE;
890;9010;tt5639388;Rááz Rébớớt;;2016;0;128;1902.0;FALSE;
891;9015;tt5657856;Brawl in Cell Block 99;Brawl in Cell Block 99;2017;0;132;63428.0;TRUE;
892;9018;tt5662932;Psycho Raman;;2016;0;133;14170.0;TRUE;
893;9034;tt5691024;Show Dogs;Show Dogs;2018;0;92;4559.0;FALSE;
894;9041;tt5704704;Áméricán Éxớrcism;;2017;0;92;1836.0;FALSE;
895;9052;tt5723056;Capital in the Twenty-First Century;Capital in the Twenty-First Century;2019;0;103;2528.0;TRUE;
896;9094;tt5831402;The Feels;The Feels;2017;0;90;2030.0;FALSE;
897;9103;tt5848714;American Violence;;2017;0;107;1782.0;FALSE;
898;9109;tt5862166;The Poison Rose;;2019;0;98;8158.0;FALSE;
899;9111;tt5867800;Aruvi;Aruvi;2016;0;130;;TRUE;
900;9126;tt5913184;Spitfire;Spitfire;2018;0;99;1054.0;TRUE;
901;9136;tt5946128;Dear Zindagi;;2016;0;151;38377.0;TRUE;
902;9147;tt5982852;Jolly LLB 2;Jolly LLB 2;2017;0;137;;TRUE;
903;9150;tt5988370;Réis;Reis;\N;2017;108;73182.0;FALSE;
904;9167;tt6053438;First Reformed;First Reformed;2017;0;113;53051.0;TRUE;
905;9199;tt6138688;Ớncé Úpớn Á Timé;Once Upon a Time;2017;0;109;1352.0;FALSE;
906;9202;tt6143782;Hex;;2018;0;85;1972.0;FALSE;
907;9205;tt6149936;The Lullaby;Siembamba;\N;2017;86;2075.0;FALSE;
908;9210;tt6169694;I Think We're Alone Now;;2018;0;99;9041.0;FALSE;
909;9221;tt6206564;Trapped;Trapped;2016;0;105;11896.0;TRUE;
910;9233;tt6258486;Ekkadiki Pothavu Chinnavada;;2016;0;140;1387.0;TRUE;
911;9248;tt6294822;The Post;The Post;2017;0;116;145094.0;TRUE;
912;9249;tt6294892;Awakening the Zodiac;;2017;0;100;2048.0;FALSE;
913;9250;tt6295898;The Tag-Along 2;;2017;0;113;1083.0;FALSE;
914;9257;tt6333056;City of Ghosts;;2017;0;92;3790.0;TRUE;
915;9260;tt6335734;The Night Is Short, Walk on Girl;;2017;0;92;4606.0;TRUE;
916;9270;tt6359956;A Bad Moms Christmas;A Bad Moms Christmas;2017;0;104;48152.0;FALSE;
917;9273;tt6363436;1971: Beyond Borders;1971: Beyond Borders;2017;0;135;2860.0;FALSE;
918;9277;tt6391282;Paradise Z;;2020;0;80;1163.0;FALSE;
919;9278;tt6395306;Union Leader;;2017;0;106;1620.0;TRUE;
920;9279;tt6401004;Dead Shack;;2017;0;85;2510.0;FALSE;
921;9283;tt6423362;The Sun Is also a Star;The Sun Is Also a Star;2019;0;100;7019.0;FALSE;
922;9305;tt6510332;McQueen;McQueen;2018;0;111;7881.0;TRUE;
923;9319;tt6548966;Fairy Tail: Dragon Cry;;2017;0;85;2017.0;TRUE;
924;9331;tt6609088;Pappa pia;Pappa pia;2017;0;105;10557.0;FALSE;
925;9344;tt6649794;Súndáy Hớlidáy;Sunday Holiday;2017;0;135;;TRUE;
926;9349;tt6673612;Dolittle;Dolittle;2020;0;101;56925.0;FALSE;
927;9356;tt6720298;Muskurahatein;;2017;0;132;1105.0;TRUE;
928;9368;tt6752992;Happy as Lazzaro;;2018;0;128;17159.0;TRUE;
929;9384;tt6827430;Nináithén Vándhái;Ninaithen Vandhai;1998;0;150;1052.0;TRUE;
930;9387;tt6836936;Saaho;Saaho;2019;0;170;17606.0;FALSE;
931;9400;tt6864864;Bobby Robson: More Than a Manager;;2018;0;104;2978.0;TRUE;
932;9437;tt7068942;After the Screaming Stops;After the Screaming Stops;\N;2018;98;1683.0;TRUE;
933;9446;tt7134096;The Rhythm Section;The Rhythm Section;2020;0;109;;FALSE;
934;9488;tt7288408;Radioflash;;\N;2019;103;5290.0;FALSE;
935;9489;tt7294534;Arjun Reddy;Arjun Reddy;2017;0;182;23500.0;TRUE;
936;9491;tt7296862;SPF-18;SPF-18;2017;0;75;4996.0;FALSE;
937;9500;tt7329810;The Bill Murray Stories: Life Lessons Learned from a Mythical Man;The Bill Murray Stories: Life Lessons Learned from a Mythical Man;2018;0;70;2130.0;TRUE;
938;9528;tt7441032;Like.Share.Follow.;;2017;0;97;1871.0;FALSE;
939;9529;tt7453138;Her Name Was Christa;;2020;0;119;2121.0;FALSE;
940;9551;tt7535756;Bölük;Bölük;2017;0;95;1488.0;TRUE;
941;9552;tt7544820;Too Funny to Fail: The Life & Death of The Dana Carvey Show;Too Funny to Fail: The Life & Death of The Dana Carvey Show;2017;0;92;1468.0;TRUE;
942;9576;tt7639372;Total Dhamaal;;2019;0;130;6695.0;FALSE;
943;9578;tt7653254;Marriage Story;;2019;0;137;280078.0;TRUE;
944;9592;tt7692434;18ám Pádi;;2019;0;160;1321.0;FALSE;
945;9624;tt7881524;Arjun Patiala;Arjun Patiala;2019;0;107;1352.0;FALSE;
946;9651;tt7984766;The King;The King;2019;0;140;110160.0;TRUE;
947;9653;tt7986222;Kớlámávú Kớkilá;Kolamavu Kokila;2018;0;140;2799.0;TRUE;
948;9660;tt8006926;Thé Rússián Fivé;;2018;0;102;1193.0;TRUE;
949;9664;tt8017136;Tớny: My Méntớr thé Sériál Killér;Tony;\N;2018;124;;TRUE;
950;9671;tt8043092;Sammohanam;;2018;0;137;1789.0;TRUE;
951;9672;tt8045670;Night of Knots;Dügüm Salonu;2018;0;100;1253.0;FALSE;
952;9686;tt8095860;By the Grace of God;Grâce à Dieu;\N;2018;137;6479.0;TRUE;
953;9688;tt8099236;The Silence of Others;El silencio de otros;2018;0;96;1937.0;TRUE;
954;9690;tt8106568;Momentum Generation;Momentum Generation;2018;0;103;1074.0;TRUE;
955;9694;tt8108202;Stree;Stree;2018;0;128;32018.0;TRUE;
956;9697;tt8116640;Gớ Kárts;Go!;\N;2020;102;2587.0;FALSE;
957;9699;tt8144778;The Redeemed and the Dominant: Fittest on Earth;;2018;0;119;1347.0;TRUE;
958;9703;tt8160262;Él Hijớ;;2019;0;92;3415.0;FALSE;
959;9706;tt8178486;Earthquake Bird;;2019;0;107;13895.0;FALSE;
960;9719;tt8246392;Get In;Furie;2019;0;97;2556.0;FALSE;
961;9742;tt8354752;Emperor;Emperor;\N;2020;99;1086.0;FALSE;
962;9746;tt8364356;Haami;;2018;0;133;1185.0;TRUE;
963;9749;tt8368512;The Courier;;2020;0;112;41650.0;TRUE;
964;9758;tt8399664;Babyteeth;Babyteeth;2019;0;118;14320.0;TRUE;
965;9772;tt8472964;Chintu Ka Birthday;;2020;0;80;4396.0;TRUE;
966;9778;tt8521876;Yes Day;Yes Day;2021;0;86;21172.0;FALSE;
967;9784;tt8562562;Innocent Witness;;2019;0;129;2135.0;TRUE;
968;9786;tt8564902;Death of a Nation;;2018;0;108;6725.0;FALSE;
969;9803;tt8671462;Invoking 5;Invoking 5;2018;0;90;;FALSE;
970;9806;tt8694228;Mikhael;;2019;0;150;;FALSE;
971;9813;tt8743064;See You Yesterday;;2019;0;84;10398.0;FALSE;
972;9815;tt8753660;Ghost Killers vs. Bloody Mary;Exterminadores do Além Contra a Loira do Banheiro;2018;0;108;1470.0;FALSE;
973;9823;tt8785426;Jabariya Jodi;Jabariya Jodi;2019;0;125;1512.0;FALSE;
974;9852;tt8984572;Bob Biswas;Bob Biswas;2021;0;131;3260.0;TRUE;
975;9876;tt9086228;Gretel & Hansel;Gretel & Hansel;2020;0;87;28609.0;FALSE;
976;9878;tt9097270;Wrinklés thé Clớwn;Wrinkles the Clown;2019;0;78;1264.0;FALSE;
977;9884;tt9110170;Wrong Turn;Wrong Turn;2021;0;109;;FALSE;
978;9890;tt9138170;Limbo;;2020;0;104;2355.0;TRUE;
979;9892;tt9151704;Burn the Stage: The Movie;;2018;0;84;2751.0;TRUE;
980;9894;tt9165806;Ittymaani: Made in China;Ittymaani: Made in China;2019;0;158;1234.0;FALSE;
981;9907;tt9204204;Little Joe;Little Joe;2019;0;105;6998.0;FALSE;
982;9921;tt9271408;Úyáré;;2019;0;125;3363.0;TRUE;
983;9927;tt9347730;Candyman;;2021;0;91;44515.0;FALSE;
984;9929;tt9351980;Áméricán Fáctớry;American Factory;\N;2019;110;20441.0;TRUE;
985;9939;tt9418878;A Tale of Three Sisters;Kiz Kardesler;2019;0;108;3522.0;TRUE;
986;9961;tt9610262;Chaal Jeevi Laiye;Chaal Jeevi Laiye;2019;0;137;1042.0;TRUE;
987;9965;tt9624766;Jiu Jitsu;;2020;0;102;7920.0;FALSE;
988;9966;tt9625664;Trauma Center;;2019;0;87;12951.0;FALSE;
989;9981;tt9741310;Slaxx;Slaxx;2020;0;77;2464.0;FALSE;
990;9982;tt9742392;Kindred;Kindred;2020;0;101;1719.0;FALSE;
991;9996;tt9850386;The Bee Gees: How Can You Mend a Broken Heart;;2020;0;111;4144.0;TRUE;
992;9999;tt9911196;The Marriage Escape;De beentjes van Sint-Hildegard;2020;0;103;3242.0;TRUE;
